Product ID,Level,Name,Status,URL,First Available Month,Latest Available Month,Science Team,Description,Keywords
DP1.00001.001,1,2D wind speed and direction,Available,https://data.neonscience.org/data-products/DP1.00001.001,2013-09,2020-02,Terrestrial Instrument System (TIS),"Two-dimensional wind speed and direction, available as two- and thirty-minute aggregations of 1 Hz observations.  Observations are made by 2-D sonic anemometer sensors located at multiple heights on the tower infrastructure and by 2-D sonic anemometer sensors located on the aquatic meteorological station.",
DP1.00010.001,1,3D wind attitude and motion reference,Available,https://data.neonscience.org/data-products/DP1.00010.001,2016-12,2020-01,Terrestrial Instrument System (TIS),Measurement of 3D anemometer attitude and motion.,
DP1.00007.001,1,"3D wind speed, direction and sonic temperature",Available,https://data.neonscience.org/data-products/DP1.00007.001,2016-12,2020-01,Terrestrial Instrument System (TIS),Three-dimensional windspeed and direction measured by sonic anemometer; air temperature measured by the 3-D sonic anemometer.,
DP1.20046.001,1,Air temperature above water on-buoy,Available,https://data.neonscience.org/data-products/DP1.20046.001,2017-09,2020-02,Aquatic Instrument System (AIS),"Air temperature, available as one- and thirty-minute averages. Observations are made on the meteorology station on the buoy in lakes and rivers.",
DP2.30011.001,2,Albedo - spectrometer - flightline,Available,https://data.neonscience.org/data-products/DP2.30011.001,2013-06,2019-09,Airborne Observation Platform (AOP),Total amount of solar radiation in the 0.4 to 2.5 micron band reflected by the Earth surface into an upward hemisphere divided by the total amount incident from this hemisphere; data are provided by flightline,
DP3.30011.001,3,Albedo - spectrometer - mosaic,Available,https://data.neonscience.org/data-products/DP3.30011.001,2013-06,2019-09,Airborne Observation Platform (AOP),Total amount of solar radiation in the 0.4 to 2.5 micron band reflected by the Earthâ€™s surface into an upward hemisphere divided by the total amount incident from this hemisphere,
DP1.20063.001,1,Aquatic plant bryophyte chemical properties,Available,https://data.neonscience.org/data-products/DP1.20063.001,2014-07,2019-07,Aquatic Observation System (AOS),"Carbon (C) and nitrogen (N) concentrations of aquatic plant and bryophytes from benthic collections in lakes, non-wadeable streams, and wadeable streams",
DP1.20066.001,1,Aquatic plant bryophyte macroalgae clip harvest,Available,https://data.neonscience.org/data-products/DP1.20066.001,2014-07,2019-11,Aquatic Observation System (AOS),"Dry weight of aquatic plant, bryophyte, and macroalgae from benthic quadrats in lakes, non-wadeable streams, and wadeable streams",
DP1.20072.001,1,"Aquatic plant, bryophyte, lichen, and macroalgae point counts in wadeable streams",Available,https://data.neonscience.org/data-products/DP1.20072.001,2013-06,2019-11,Aquatic Observation System (AOS),"Point counts of aquatic plants, bryophytes, lichens, and macroalgae from transects in wadeable streams",
DP1.00036.001,1,Atmospheric CO2 isotopes,Available,https://data.neonscience.org/data-products/DP1.00036.001,2016-12,2020-01,Terrestrial Instrument System (TIS),"Profile measurements of CO2 isotope concentration, 13C stable isotope ratio in CO2, and water vapor concentration at each tower level.",
DP1.00037.001,1,Atmospheric H2O isotopes,Available,https://data.neonscience.org/data-products/DP1.00037.001,2016-12,2020-01,Terrestrial Instrument System (TIS),"Profile measurements of water vapor isotope concentration, 18O and 2H stable isotope ratio in water vapor at each tower level.",
DP1.00004.001,1,Barometric pressure,Available,https://data.neonscience.org/data-products/DP1.00004.001,2013-12,2020-02,Terrestrial Instrument System (TIS),"Barometric pressure is available as one- and thirty-minute averages for station pressure, which is determined from 0.1 Hz observations. Barometric pressure corrected to sea level and surface level (defined as water surface at aquatic sites and soil surface at terrestrial sites) is derived from station pressure averages and available at one- and thirty-minute increments. Observations are made by a single digital barometer located on the tower infrastructure and a single digital barometer located on the aquatic meteorological station.",
DP1.20004.001,1,Barometric pressure above water on-buoy,Available,https://data.neonscience.org/data-products/DP1.20004.001,2017-10,2020-02,Aquatic Instrument System (AIS),"Barometric pressure, available as one- and thirty-minute averages for both station pressure and pressure reduced to sea level. Observations are made on the meteorology station on the buoy in lakes and rivers.",
DP4.00132.001,4,Bathymetric and morphological maps,Available,https://data.neonscience.org/data-products/DP4.00132.001,2015-07,2019-11,Aquatic Observation System (AOS),"Bathymetry of lake bottoms and non-wadeable streams for detecting environmental change as well as for determining lake morphology, estimating primary productivity, habitat features, and water quality.",
DP1.20086.001,1,Benthic microbe community composition,Coming Soon,https://data.neonscience.org/data-products/DP1.20086.001,,,Aquatic Observation System (AOS),"Counts and relative abundances of archaeal, bacterial, and fungal taxa observed in benthic microbial communities",
DP1.20277.001,1,Benthic microbe group abundances,Available,https://data.neonscience.org/data-products/DP1.20277.001,2014-07,2018-10,Aquatic Observation System (AOS),"Counts and relative abundances of marker genes from total archaea, bacteria, and fungi observed by qPCR in benthic microbial communities",
DP1.20280.001,1,Benthic microbe marker gene sequences,Available,https://data.neonscience.org/data-products/DP1.20280.001,2014-07,2018-10,Aquatic Observation System (AOS),DNA sequence data from ribosomal RNA marker genes from benthic samples,
DP1.20279.001,1,Benthic microbe metagenome sequences,Available,https://data.neonscience.org/data-products/DP1.20279.001,2014-10,2018-08,Aquatic Observation System (AOS),Metagenomic sequence data from benthic samples,
DP1.10003.001,1,Breeding landbird point counts,Available,https://data.neonscience.org/data-products/DP1.10003.001,2013-06,2019-07,Terrestrial Observation System (TOS),"Count, distance from observer, and taxonomic identification of breeding landbirds observed during point counts",
DP4.00200.001,4,Bundled data products - eddy covariance,Available,https://data.neonscience.org/data-products/DP4.00200.001,2016-12,2020-01,Terrestrial Instrument System (TIS),"Bundle of eddy-covariance data products, including related meteorological and soil data products.",
DP2.30022.001,2,Canopy lignin - flightline,Available,https://data.neonscience.org/data-products/DP2.30022.001,2013-06,2019-09,Airborne Observation Platform (AOP),Normalized index of canopy lignin concentration; data are provided by flightline,
DP3.30022.001,3,Canopy lignin - mosaic,Available,https://data.neonscience.org/data-products/DP3.30022.001,2013-06,2019-09,Airborne Observation Platform (AOP),Normalized index of canopy lignin concentration. Level 2 products derived from individual flight lines over a given site are mosaiced into single product; spatial resolution is 1m.,
DP2.30018.001,2,Canopy nitrogen - flightline,Available,https://data.neonscience.org/data-products/DP2.30018.001,2013-06,2019-09,Airborne Observation Platform (AOP),Normalized difference nitrogen index (NDNI) from remotely sensed data; data are provided by flightline,
DP3.30018.001,3,Canopy nitrogen - mosaic,Available,https://data.neonscience.org/data-products/DP3.30018.001,2013-06,2019-09,Airborne Observation Platform (AOP),Measure of canopy nitrogen concentration in remotely sensed data. Level 2 products derived from individual flight lines over a given site are mosaicked into single product; spatial resolution is 1m.,
DP2.30019.001,2,Canopy water content - flightline,Available,https://data.neonscience.org/data-products/DP2.30019.001,2013-06,2019-09,Airborne Observation Platform (AOP),Normalized index of canopy water content; data are provided by flightline,
DP3.30019.001,3,Canopy water content - mosaic,Available,https://data.neonscience.org/data-products/DP3.30019.001,2013-06,2019-09,Airborne Observation Platform (AOP),Normalized index of canopy water content. Level 2 products derived from individual flight lines over a given site are mosaicked into single product; spatial resolution is 1m.,
DP2.30020.001,2,Canopy xanthophyll cycle - flightline,Available,https://data.neonscience.org/data-products/DP2.30020.001,2013-06,2019-09,Airborne Observation Platform (AOP),Normalized index of  xanthophyll concentration; data are provided by flightline,
DP3.30020.001,3,Canopy xanthophyll cycle - mosaic,Available,https://data.neonscience.org/data-products/DP3.30020.001,2013-06,2019-09,Airborne Observation Platform (AOP),Normalized index of  xanthophyll concentration. Level 2 products derived from individual flight lines over a given site are mosaicked into single product; spatial resolution is 1m.,
DP4.00067.001,4,Carbon dioxide flux,Available,https://data.neonscience.org/data-products/DP4.00067.001,2016-12,2020-01,Terrestrial Instrument System (TIS),Carbon dioxide flux of CO2 is estimated based on the eddy covariance technique from sonic anemometer measurements of vertical winds and an IRGA measurement of CO2 concentration and tower profile measurements of CO2 concentration.,
DP1.20092.001,1,Chemical properties of groundwater,Available,https://data.neonscience.org/data-products/DP1.20092.001,2014-08,2020-02,Aquatic Observation System (AOS),"Grab samples of groundwater chemistry including general chemistry, anions, cations, and nutrients.",
DP1.20093.001,1,Chemical properties of surface water,Available,https://data.neonscience.org/data-products/DP1.20093.001,2010-12,2020-02,Aquatic Observation System (AOS),"Grab samples of surface water chemistry including general chemistry, anions, cations, and nutrients.",
DP1.00099.001,1,CO2 concentration - storage,Available,https://data.neonscience.org/data-products/DP1.00099.001,2016-12,2020-01,Terrestrial Instrument System (TIS),Concentration of CO2 in profile of tower; used in calculation of storage terms in eddy covariance calculations of carbon exchange.,
DP1.00034.001,1,CO2 concentration - turbulent,Available,https://data.neonscience.org/data-products/DP1.00034.001,2016-12,2020-01,Terrestrial Instrument System (TIS),Concentration of CO2 at the top of the tower; used in calculation of turbulent terms in eddy covariance calculations of carbon exchange.,
DP2.00008.001,2,CO2 concentration rate of change,Available,https://data.neonscience.org/data-products/DP2.00008.001,2016-12,2020-01,Terrestrial Instrument System (TIS),Time rate of change of CO2 concentration (storage component only) over 30 minutes at each measurement level along the vertical tower profile. Gap-filling is not applicable.,
DP3.00009.001,3,CO2 concentration rate of change profile,Available,https://data.neonscience.org/data-products/DP3.00009.001,2016-12,2020-01,Terrestrial Instrument System (TIS),"Time rate of change of CO2 concentration (storage component only) over 30 min, spatially interpolated along the vertical tower profile.",
DP1.10014.001,1,Coarse downed wood bulk density sampling,Available,https://data.neonscience.org/data-products/DP1.10014.001,2016-04,2019-12,Terrestrial Observation System (TOS),Raw bulk density measurements of coarse downed wood >= 2 cm diameter,
DP1.10010.001,1,Coarse downed wood log survey,Available,https://data.neonscience.org/data-products/DP1.10010.001,2015-05,2020-02,Terrestrial Observation System (TOS),Tally and raw measurement of coarse downed wood >= 2 cm diameter,
DP1.20254.001,1,Depth profile at specific depths,Available,https://data.neonscience.org/data-products/DP1.20254.001,2014-01,2020-02,Aquatic Observation System (AOS),Measurements of water column temperature and depth profile in non-wadeable streams and lakes,
DP1.10017.001,1,Digital hemispheric photos of plot vegetation,Available,https://data.neonscience.org/data-products/DP1.10017.001,2016-02,2020-01,Terrestrial Observation System (TOS),Upward and/or downward facing digital 180-degree images of vegetation in plots used to calculate leaf area index,
DP1.30003.001,1,Discrete return LiDAR point cloud,Available,https://data.neonscience.org/data-products/DP1.30003.001,2013-06,2019-09,Airborne Observation Platform (AOP),Unclassified three-dimensional point cloud stored in LAS format. Classifications follow ASPRS definition. All point coordinates are provided in meters. Data provided by flightline.,
DP1.20097.001,1,Dissolved gases in surface water,Available,https://data.neonscience.org/data-products/DP1.20097.001,2014-10,2020-02,Aquatic Observation System (AOS),"Grab samples of surface water dissolved gases including carbon dioxide, methane, and nitrous oxide",
DP1.00017.001,1,Dust and particulate size distribution,Available,https://data.neonscience.org/data-products/DP1.00017.001,2016-11,2020-02,Terrestrial Instrument System (TIS),"Near real-time measurements of PM1.0, PM2.5, PM4, PM10, PM15 and TSP in the atmosphere using a optical sensor.",
DP3.30015.001,3,Ecosystem structure,Available,https://data.neonscience.org/data-products/DP3.30015.001,2013-06,2019-09,Airborne Observation Platform (AOP),Height of the top of canopy above bare earth (Canopy Height Model (CHM));  data are mosaicked over AOP footprint; mosaicked onto a spatially uniform grid at 1 m spatial resolution in 1 km by 1 km tiles.,
DP3.30024.001,3,Elevation - LiDAR,Available,https://data.neonscience.org/data-products/DP3.30024.001,2013-06,2019-09,Airborne Observation Platform (AOP),Bare earth elevation given in meters above mean sea level (topographic information with vegetation and man-made structures removed) and mosaicked onto a spatially uniform grid at 1 m spatial resolution in 1 km by 1 km tiles. Surface features given in meters above mean sea level (topographic information with vegetation and man-made structures removed) and mosaicked onto a spatially uniform grid at 1 m spatial resolution in 1 km by 1 km tiles.,
DP1.20100.001,1,Elevation of groundwater,Available,https://data.neonscience.org/data-products/DP1.20100.001,2016-03,2020-02,Aquatic Instrument System (AIS),Sensor based measurement of groundwater elevation calculated from pressure transducer readings in each well,
DP1.20016.001,1,Elevation of surface water,Available,https://data.neonscience.org/data-products/DP1.20016.001,2016-06,2020-02,Aquatic Instrument System (AIS),"Measurements of water surface elevation, available as one-, five-, and thirty-minute  averages in lakes and wadeable streams. Based on sensor measurements of water pressure.",
DP1.30012.001,1,Field spectral data,Available,https://data.neonscience.org/data-products/DP1.30012.001,2019-07,2019-07,Airborne Observation Platform (AOP),"Reflectance of collected sample(s) using leaf clip and hand-held field Spectrometer; opportunistic product, provided when collected.",
DP1.20107.001,1,"Fish electrofishing, gill netting, and fyke netting counts",Available,https://data.neonscience.org/data-products/DP1.20107.001,2016-03,2020-02,Aquatic Observation System (AOS),"Counts of fish from electrofishing surveys in wadeable streams, or electrofishing, gill netting, and/or fyke netting surveys in lakes. Includes fish standard length and individual mass",
DP1.20105.001,1,Fish sequences DNA barcode,Available,https://data.neonscience.org/data-products/DP1.20105.001,2017-10,2019-12,Aquatic Observation System (AOS),CO1 DNA sequences from select fish in lakes and wadeable streams,
DP4.00201.001,4,Flux footprint characteristics,Available,https://data.neonscience.org/data-products/DP4.00201.001,2016-12,2020-01,Terrestrial Instrument System (TIS),"The eddy-covariance flux measurement sources its information from an upstream surface, the footprint. Footprint characteristics provide the biophysical surface information of this time-varying area, necessary to distinguish temporal effects (e.g., biological activity) from spatial effects (e.g., changing wind direction).",
DP2.30014.001,2,fPAR - spectrometer - flightline,Available,https://data.neonscience.org/data-products/DP2.30014.001,2013-06,2019-09,Airborne Observation Platform (AOP),"The fraction of incident photosynthetically active radiation (400-700 nm) absorbed by the green elements of a vegetation canopy; calculated by an industry standard (ATCOR) algorithm based on Soil Adjusted Vegetation Index (SAVI) as input; data are provided by flightline at equivalent resolution to spectrometer orthorectified surface directional reflectance, carbon and nutrient cycling due to its relationship with vegetative productivity.",
DP3.30014.001,3,fPAR - spectrometer - mosaic,Available,https://data.neonscience.org/data-products/DP3.30014.001,2013-06,2019-09,Airborne Observation Platform (AOP),The fraction of incident photosynthetically active radiation (400-700 nm) absorbed by the green elements of a vegetation canopy; mosaiced from the fPAR level 2 product onto a spatially uniform grid at 1 m spatial resolution and provided as 1 km by 1 km tiles.,
DP1.20267.001,1,Gauge height,Available,https://data.neonscience.org/data-products/DP1.20267.001,2014-01,2020-02,Aquatic Instrument System (AIS),"Gauge height, in meters, measured at lakes, wadeable streams and non-wadeable streams.",
DP1.10020.001,1,Ground beetle sequences DNA barcode,Available,https://data.neonscience.org/data-products/DP1.10020.001,2012-07,2017-12,Terrestrial Observation System (TOS),CO1 DNA sequences from select ground beetles,
DP1.10022.001,1,Ground beetles sampled from pitfall traps,Available,https://data.neonscience.org/data-products/DP1.10022.001,2013-07,2020-03,Terrestrial Observation System (TOS),Taxonomically identified ground beetles and the plots and times from which they were collected.,
DP1.20099.001,1,Groundwater and active layer measurements at permafrost sites,Available,https://data.neonscience.org/data-products/DP1.20099.001,2018-07,2019-10,Aquatic Instrument System (AIS),Measurements from ground surface to liquid groundwater and active layer thaw. Collected at sites with permafrost.,
DP1.00100.001,1,H2O concentration - storage,Available,https://data.neonscience.org/data-products/DP1.00100.001,2016-12,2020-01,Terrestrial Instrument System (TIS),Concentration of H2O in profile; used in calculation of storage terms in eddy covariance calculations of water vapor exchange.,
DP1.00035.001,1,H2O concentration - turbulent,Available,https://data.neonscience.org/data-products/DP1.00035.001,2016-12,2020-01,Terrestrial Instrument System (TIS),Concentration of H2O at the top of the tower; used in calculation of  turbulent terms in eddy covariance calculations of water vapor exchange.,
DP2.00009.001,2,H2O concentration rate of change,Available,https://data.neonscience.org/data-products/DP2.00009.001,2016-12,2020-01,Terrestrial Instrument System (TIS),Time rate of change of H2O concentration (storage component only) over 30 minutes at each measurement level along the vertical tower profile. Gap-filling is not applicable.,
DP3.00010.001,3,H2O concentration rate of change profile,Available,https://data.neonscience.org/data-products/DP3.00010.001,2016-12,2020-01,Terrestrial Instrument System (TIS),"Time rate of change of H2O concentration (storage component only) over 30 min, spatially interpolated along the vertical tower profile.",
DP1.10023.001,1,Herbaceous clip harvest,Available,https://data.neonscience.org/data-products/DP1.10023.001,2013-07,2019-12,Terrestrial Observation System (TOS),"Dry weight of herbaceous vegetation harvested from individual clip strips, by functional type",
DP1.30010.001,1,High-resolution orthorectified camera imagery,Available,https://data.neonscience.org/data-products/DP1.30010.001,2013-06,2019-09,Airborne Observation Platform (AOP),"White balanced 8 bit RGB images orthorectified and output onto a fixed, uniform spatial grid using nearest neighbor resampling to a 10 cm spatial resolution.",
DP3.30010.001,3,High-resolution orthorectified camera imagery mosaic,Available,https://data.neonscience.org/data-products/DP3.30010.001,2013-06,2019-09,Airborne Observation Platform (AOP),"Level 1 high-resolution orthorectified camera images are mosaiced and tiled into 1 km by 1 km data sets. Mosiac is output onto a fixed, uniform spatial grid using nearest-neighbor resampling; spatial resolution is maintained at 0.1 m.",
DP1.00005.001,1,IR biological temperature,Available,https://data.neonscience.org/data-products/DP1.00005.001,2013-12,2020-02,Terrestrial Instrument System (TIS),"Infrared temperature, available as one- and thirty-minute averages of 1 Hz observations.  Biological temperature (i.e. surface temperature) is measured via IR temperature sensors located in the soil array and at multiple heights on the tower infrastructure.",
DP2.30012.001,2,LAI - spectrometer - flightline,Available,https://data.neonscience.org/data-products/DP2.30012.001,2013-06,2019-09,Airborne Observation Platform (AOP),"The ratio of upper leaf surface area to ground area (for broadleaf canopies), or projected conifer needle surface area to ground area (for coniferous plants) for a given unit area; measured by an industry standard (ATCOR) algorithm based on Soil Adjusted Vegetation Index (SAVI) as input; data are provided by flightline.",
DP3.30012.001,3,LAI - spectrometer - mosaic,Available,https://data.neonscience.org/data-products/DP3.30012.001,2013-06,2019-09,Airborne Observation Platform (AOP),"The ratio of upper leaf surface area to ground area (for broadleaf canopies), or projected conifer needle surface area to ground area (for coniferous plants) for a given unit area; Level 2 products derived from individual flight lines over a given site are mosaiced into single product; spatial resolution is 1m.",
DP1.20002.001,1,Land-water interface images,Available,https://data.neonscience.org/data-products/DP1.20002.001,2016-04,2020-03,Aquatic Instrument System (AIS),"RGB and IR images of the lake, river, or stream riparian vegetation and stream surface taken from an automated camera. Images are collected every 15 minutes.",
DP4.00137.001,4,Latent heat flux,Available,https://data.neonscience.org/data-products/DP4.00137.001,2016-12,2020-01,Terrestrial Instrument System (TIS),Latent heat flux is estimated based on the eddy covariance technique using a sonic anemometer to measure vertical winds and an IRGA sensor to measure water vapor and tower profile measurements of water vapor.,
DP1.30001.001,1,LiDAR slant range waveform,Available,https://data.neonscience.org/data-products/DP1.30001.001,2013-06,2019-09,Airborne Observation Platform (AOP),"Outgoing pulse and slant range return waveform signals with geolocation information provided, but no spatial resampling. Data are provided by flightline in a binary format designed by NEON.",
DP1.10031.001,1,Litter chemical properties,Available,https://data.neonscience.org/data-products/DP1.10031.001,2019-11,2019-11,Terrestrial Observation System (TOS),Bulk litter chemistry at the scale of a plot. Data are reported by functional group (leaves vs. needles).,
DP1.10101.001,1,Litter stable isotopes,Available,https://data.neonscience.org/data-products/DP1.10101.001,2016-09,2018-11,Terrestrial Observation System (TOS),Bulk litter stable isotope values at the scale of a plot. Data are reported by functional group (leaves vs. needles).,
DP1.10033.001,1,Litterfall and fine woody debris sampling,Available,https://data.neonscience.org/data-products/DP1.10033.001,2016-01,2020-01,Terrestrial Observation System (TOS),"Dry weight of litterfall and fine woody debris collected from elevated litter traps and ground traps, by functional group",
DP1.20120.001,1,Macroinvertebrate collection,Available,https://data.neonscience.org/data-products/DP1.20120.001,2014-07,2020-02,Aquatic Observation System (AOS),"Collection of benthic macroinvertebrates using multiple sampling methods in lakes, non-wadeable streams, and wadeable streams",
DP1.20126.001,1,Macroinvertebrate metabarcoding,Available,https://data.neonscience.org/data-products/DP1.20126.001,2014-07,2019-06,Aquatic Observation System (AOS),CO1 DNA sequences of the aquatic macroinvertebrate community,
DP4.00007.001,4,Momentum flux,Available,https://data.neonscience.org/data-products/DP4.00007.001,2016-12,2020-01,Terrestrial Instrument System (TIS),Momentum flux is estimated based on the eddy covariance technique using a sonic anemometer to measure vertical and horizontal winds.,
DP1.10038.001,1,Mosquito sequences DNA barcode,Available,https://data.neonscience.org/data-products/DP1.10038.001,2012-07,2018-10,Terrestrial Observation System (TOS),CO1 DNA sequences from select mosquitoes,
DP1.10041.001,1,Mosquito-borne pathogen status,Available,https://data.neonscience.org/data-products/DP1.10041.001,2014-04,2018-10,Terrestrial Observation System (TOS),Presence/absence of a pathogen in a single mosquito sample (pool),
DP1.10043.001,1,Mosquitoes sampled from CO2 traps,Available,https://data.neonscience.org/data-products/DP1.10043.001,2014-03,2020-02,Terrestrial Observation System (TOS),Taxonomically identified mosquitoes and the plots and times from which they were collected,
DP1.20033.001,1,Nitrate in surface water,Available,https://data.neonscience.org/data-products/DP1.20033.001,2016-03,2020-02,Aquatic Instrument System (AIS),"In situ sensor-based nitrate concentration, available as fifteen minute  averages in surface water in lakes, wadeable and non-wadeable streams",
DP1.10045.001,1,Non-herbaceous perennial vegetation structure,Available,https://data.neonscience.org/data-products/DP1.10045.001,2014-01,2019-09,Terrestrial Observation System (TOS),"Field measurements of individual non-herbaceous perennial plants (e.g. cacti, ferns)",
DP1.00101.001,1,Particulate mass,Available,https://data.neonscience.org/data-products/DP1.00101.001,2017-10,2020-03,Terrestrial Instrument System (TIS),Dust mass and density measured by a high volume dust sampler and quartz filters.,
DP1.20163.001,1,"Periphyton, seston, and phytoplankton chemical properties",Available,https://data.neonscience.org/data-products/DP1.20163.001,2014-05,2019-08,Aquatic Observation System (AOS),"Carbon (C), nitrogen (N), phosphorus (P), isotopes, chlorophyll a, and pheophytin of periphyton, seston, and phytoplankton from benthic and water column samples in lakes, non-wadeable streams, and wadeable streams",
DP1.20166.001,1,"Periphyton, seston, and phytoplankton collection",Available,https://data.neonscience.org/data-products/DP1.20166.001,2014-05,2020-01,Aquatic Observation System (AOS),"Collection and biomass of periphyton, seston, and phytoplankton using multiple benthic and water column sampling methods in lakes, non-wadeable streams, and wadeable streams",
DP1.00033.001,1,Phenology images,Available,https://data.neonscience.org/data-products/DP1.00033.001,2016-01,2020-03,Terrestrial Instrument System (TIS),RGB and IR images of the plant canopy taken from an automated camera on the tower top. Images are collected every 15 minutes and closely follow protocols of the Phenocam Network.,
DP1.00024.001,1,Photosynthetically active radiation (PAR),Available,https://data.neonscience.org/data-products/DP1.00024.001,2013-12,2020-02,Terrestrial Instrument System (TIS),"Photosynthetically Active Radiation (PAR) observations represent the radiation flux at wavelengths between 400-700 nm, which constitute the wavelengths that drive photosynthesis. This data product is available as one- and thirty-minute averages of 1 Hz observations.  Observations are made by sensors located at multiple heights on the tower infrastructure and by sensors located on the aquatic meteorological station.",
DP1.00066.001,1,Photosynthetically active radiation (quantum line),Available,https://data.neonscience.org/data-products/DP1.00066.001,2013-12,2020-02,Terrestrial Instrument System (TIS),"The quantum line sensor provides spatially averaged observations of photosynthetically active radiation (PAR), i.e., wavelengths between 400-700 nm, at the soil surface over a one meter length. This data product is available as one- and thirty-minute averages of 1 Hz observations.  Observations are obtained by sensors located throughout the soil array.",
DP1.20042.001,1,Photosynthetically active radiation at water surface,Available,https://data.neonscience.org/data-products/DP1.20042.001,2016-03,2020-02,Aquatic Instrument System (AIS),"Photosynthetically Active Radiation (PAR) observations represent the radiation flux at wavelengths between 400-700 nm, which constitute the wavelengths that drive photosynthesis. This data product is available as one-, five-,  and thirty-minute averages. Observations are made at the aquatic sensor set location at lakes, non-wadeable streams, and wadeable streams.",
DP1.20261.001,1,Photosynthetically active radiation below water surface,Available,https://data.neonscience.org/data-products/DP1.20261.001,2017-08,2020-02,Aquatic Instrument System (AIS),"Photosynthetically Active Radiation (PAR) observations represent the radiation flux at wavelengths between 400-700 nm, which constitute the wavelengths that drive photosynthesis. This data product is available as one- and thirty-minute averages. Observations are made at the aquatic sensor sets at the lake inlet, lake outlet, and both lake and river buoys.",
DP1.10026.001,1,Plant foliar physical and chemical properties,Available,https://data.neonscience.org/data-products/DP1.10026.001,2016-06,2019-09,Terrestrial Observation System (TOS),"Plant sun-lit canopy foliar physical (e.g., leaf mass per area) and chemical properties reported at the level of the individual (woody plants) or community (herbaceous plants).",
DP1.10053.001,1,Plant foliar stable isotopes,Available,https://data.neonscience.org/data-products/DP1.10053.001,2016-06,2019-06,Terrestrial Observation System (TOS),Plant sun-lit canopy foliar stable isotope values reported at the level of the individual (woody plants) or community (herbaceous plants).,
DP1.10055.001,1,Plant phenology observations,Available,https://data.neonscience.org/data-products/DP1.10055.001,2013-08,2020-02,Terrestrial Observation System (TOS),Phenophase status and intensity of tagged plants,
DP1.10058.001,1,Plant presence and percent cover,Available,https://data.neonscience.org/data-products/DP1.10058.001,2013-06,2019-11,Terrestrial Observation System (TOS),"Plant species presence as observed in multi-scale plots: species and associated percent cover at 1-m2 and plant species presence at 10-m2, 100-m2 and 400-m2",
DP1.00006.001,1,Precipitation,Available,https://data.neonscience.org/data-products/DP1.00006.001,2013-12,2020-02,Terrestrial Instrument System (TIS),"Precipitation is observed using one of two sensors. Primary precipitation is observed using a weighing gauge housed within a small double fence intercomparison reference, which is generally located within 0.5 km of the tower infrastructure. Secondary precipitation is observed using a tipping bucket located on the top of the tower infrastructure. Ground level precipitation (also known as throughfall) is also observed using tipping buckets at 3 of 5 soil array locations. Bulk precipitation is determined at five- and thirty-minute intervals for primary precipitation and at one- and thirty-minute intervals for secondary precipitation. AIS sites only include Primary (DFIR at Core Aquatic sites; currently only 2 or 3) or Secondary (tipping buckets at relocatable sites; currently about 8). No AIS sites have both; no AIS sites have the equivalent of throughfall.",
DP1.20190.001,1,Reaeration field and lab collection,Available,https://data.neonscience.org/data-products/DP1.20190.001,2014-08,2020-02,Aquatic Observation System (AOS),"Field and external laboratory data from the salt-tracer and gas injection field reaeration measurements, including stream widths, inert gas concentrations, gas loss rate calculations, and travel time calculations.",
DP1.00098.001,1,Relative humidity,Available,https://data.neonscience.org/data-products/DP1.00098.001,2015-06,2020-02,Terrestrial Instrument System (TIS),"Relative humidity, temperature, and dew or frost point temperature, available as one- and thirty-minute averages of 1 Hz observations. Observations are made by sensors located at the top of the tower infrastructure, in the soil array, and on the aquatic meteorologic station.",
DP1.20271.001,1,Relative humidity above water on-buoy,Available,https://data.neonscience.org/data-products/DP1.20271.001,2017-08,2020-02,Aquatic Instrument System (AIS),"Relative humidity, temperature, and dew or frost point temperature, available as one- and thirty-minute averages. Observations are made by sensors located on the buoy in lakes and rivers.",
DP1.20275.001,1,Riparian composition and structure,Available,https://data.neonscience.org/data-products/DP1.20275.001,2015-04,2019-10,Aquatic Observation System (AOS),"Assessment of riparian vegetation composition and physical structure in lakes, non-wadeable streams, and wadeable streams",
DP1.20191.001,1,Riparian vegetation % cover,Available,https://data.neonscience.org/data-products/DP1.20191.001,2014-07,2019-10,Aquatic Observation System (AOS),Assessment of riparian vegetation percent cover in wadeable streams,
DP1.10064.001,1,Rodent-borne pathogen status,Available,https://data.neonscience.org/data-products/DP1.10064.001,2014-04,2019-06,Terrestrial Observation System (TOS),Presence/absence of a pathogen (or antibodies to a pathogen) in each single rodent sample,
DP1.10102.001,1,Root chemical properties,Available,https://data.neonscience.org/data-products/DP1.10102.001,2012-06,2019-05,Terrestrial Observation System (TOS),Fine root chemistry from cores or pits. Data are reported by size class.,
DP1.10066.001,1,Root sampling (Megapit),Available,https://data.neonscience.org/data-products/DP1.10066.001,2012-06,2018-07,Terrestrial Observation System (TOS),Fine root biomass in 10cm increments (first 1m depth) and 20cm increments (from 1m to 2m depth) from soil pit sampling,
DP1.10067.001,1,Root sampling tower plots,Available,https://data.neonscience.org/data-products/DP1.10067.001,2016-07,2019-10,Terrestrial Observation System (TOS),Fine root biomass to 30cm depth via soil core sampling,
DP1.10099.001,1,Root stable isotopes,Available,https://data.neonscience.org/data-products/DP1.10099.001,2012-06,2019-05,Terrestrial Observation System (TOS),Fine root stable isotope values from cores or pits. Data are reported by size class.,
DP1.20193.001,1,Salt-based stream discharge,Available,https://data.neonscience.org/data-products/DP1.20193.001,2014-08,2020-02,Aquatic Observation System (AOS),Discharge measured using a constant-rate addition salt tracer during reaeration measurements,
DP1.20252.001,1,Secchi depth,Available,https://data.neonscience.org/data-products/DP1.20252.001,2014-01,2020-02,Aquatic Observation System (AOS),Measurement of water column Secchi depth in non-wadeable streams and lakes,
DP1.20194.001,1,Sediment chemical properties,Available,https://data.neonscience.org/data-products/DP1.20194.001,2014-07,2020-02,Aquatic Observation System (AOS),"Inorganic, organic, and organic contaminant analyses of wadeable stream, non-wadeable stream, and lake bed sediments",
DP1.20197.001,1,Sediment physical properties,Available,https://data.neonscience.org/data-products/DP1.20197.001,2014-07,2019-11,Aquatic Observation System (AOS),"Size analysis of wadeable stream, non-wadeable stream, and lake bed sediments",
DP4.00002.001,4,Sensible heat flux,Available,https://data.neonscience.org/data-products/DP4.00002.001,2016-12,2020-01,Terrestrial Instrument System (TIS),Sensible heat flux is estimated based on the eddy covariance technique using a sonic anemometer to measure vertical winds and air temperature and tower profile measurements of air temperature.,
DP1.00023.001,1,Shortwave and longwave radiation (net radiometer),Available,https://data.neonscience.org/data-products/DP1.00023.001,2013-12,2020-02,Terrestrial Instrument System (TIS),"Net radiation is composed of incoming and outgoing shortwave and longwave radiation. These data products are available as one- and thirty-minute averages of 1 Hz observations.  Observations of net shortwave and longwave radiation are made by a sensor located at the top of the tower infrastructure, while only net longwave radiation is observed in the soil array.  Observations of net shortwave and longwave radiation are made by a four-component sensor located on the aquatic meteorological station.",
DP1.20032.001,1,Shortwave and longwave radiation above water on-buoy (net radiometer),Available,https://data.neonscience.org/data-products/DP1.20032.001,2017-09,2020-02,Aquatic Instrument System (AIS),Net shortwave and longwave radiation on buoys is measured twice per minute and is reported as 1-minute and 30-minute mean values.,
DP1.00014.001,1,Shortwave radiation (direct and diffuse pyranometer),Available,https://data.neonscience.org/data-products/DP1.00014.001,2013-12,2020-02,Terrestrial Instrument System (TIS),"Total, direct beam, and diffuse shortwave radiation, available as one- and thirty-minute averages of 1 Hz observations.  Observations are made by a sensor located at the top of the tower infrastructure.",
DP1.00022.001,1,Shortwave radiation (primary pyranometer),Available,https://data.neonscience.org/data-products/DP1.00022.001,2013-12,2020-02,Terrestrial Instrument System (TIS),"Total shortwave radiation, available as one- and thirty-minute averages of 1 Hz observations.  The primary pyranometer is housed in a heated and aspirated ventilation unit and observes incoming shortwave radiation at the top of the tower infrastructure.",
DP1.00002.001,1,Single aspirated air temperature,Available,https://data.neonscience.org/data-products/DP1.00002.001,2013-12,2020-02,Terrestrial Instrument System (TIS),"Air temperature, available as one- and thirty-minute averages of 1 Hz observations. Observations are made by sensors located at multiple heights on the tower infrastructure and by sensors located on the aquatic meteorological station. Temperature observations are made using platinum resistance thermometers, which are housed in a fan aspirated shield to reduce radiative bias.",
DP1.10111.001,1,Site management and event reporting,Available,https://data.neonscience.org/data-products/DP1.10111.001,2020-01,2020-01,Terrestrial Observation System (TOS),"This data product contains records of land management activities, disturbances, and other incidents of ecological note within all NEON sites",
DP3.30025.001,3,Slope and Aspect - LiDAR,Available,https://data.neonscience.org/data-products/DP3.30025.001,2013-06,2019-09,Airborne Observation Platform (AOP),"Slope is a ratio of rise over run (height over distance) of the bare earth elevation product given in degrees; aspect is the direction of the steepest slope of the bare earth elevation product (e.g., north, east, south, west) given in degrees clockwise from grid north; both mosaicked onto a spatially uniform grid at 1 m spatial resolution in 1 km by 1 km tiles.",
DP1.10072.001,1,Small mammal box trapping,Available,https://data.neonscience.org/data-products/DP1.10072.001,2013-06,2020-01,Terrestrial Observation System (TOS),Individual- and trap-level data collected using box traps designed to capture small mammals,
DP1.10076.001,1,Small mammal sequences DNA barcode,Available,https://data.neonscience.org/data-products/DP1.10076.001,2012-07,2019-11,Terrestrial Observation System (TOS),CO1 DNA sequences from select small mammals,
DP1.00042.001,1,Snow depth and understory phenology images,Available,https://data.neonscience.org/data-products/DP1.00042.001,2016-02,2020-03,Terrestrial Instrument System (TIS),Camera images of snow depth relative to mounted/calibrated depth stakes when snow is present; images used to track understory phenology when possible (see NEON.DOM.SITE.DP1.00033).,
DP1.10008.001,1,Soil chemical properties (Distributed initial characterization),Available,https://data.neonscience.org/data-products/DP1.10008.001,2015-09,2018-08,Terrestrial Observation System (TOS),Soil chemical properties of a soil core that was sampled by the NRCS as part of initial site characterization activities at the NEON site.  Data are reported by horizon for the top 1m of the soil profile. Also see distributed periodic and megapit soil data.,
DP1.10078.001,1,Soil chemical properties (Distributed periodic),Available,https://data.neonscience.org/data-products/DP1.10078.001,2014-01,2019-06,Terrestrial Observation System (TOS),Soil chemistry from the top 30 cm of the profile from periodic soil core collections. Data are reported by horizon (mineral vs. organic). See initial characterization and megapit products for additional soil data.,
DP1.00097.001,1,Soil chemical properties (Megapit),Available,https://data.neonscience.org/data-products/DP1.00097.001,2012-06,2018-07,Terrestrial Instrument System (TIS),"Total content of a range of chemical elements, pH, and electrical conductivity in the <= 2 mm soil fraction for each soil horizon. Data were derived from a sampling location expected to be representative of the area where the Instrumented Soil Plots per site are located and were collected once during site construction. Also see distributed soil data products.",
DP1.00095.001,1,Soil CO2 concentration,Available,https://data.neonscience.org/data-products/DP1.00095.001,2016-12,2020-02,Terrestrial Instrument System (TIS),CO2 concentration in soil air at various depth below the soil surface starting at 2 cm. Data are from all five Instrumented Soil Plots per site and presented as 1-minute and 30-minute averages.,
DP4.50036.001,4,Soil CO2 flux - MDP sensor,Coming Soon,https://data.neonscience.org/data-products/DP4.50036.001,,,Terrestrial Instrument System (TIS),Flux of carbon dioxide from the soil surface. Generated only by the mobile deployment platforms (MDP); for soil CO2 concentration at NEON towers see NEON.DOM.SITE.DP1.00095.,
DP1.00040.001,1,Soil heat flux plate,Available,https://data.neonscience.org/data-products/DP1.00040.001,2016-04,2020-02,Terrestrial Instrument System (TIS),The amount of thermal energy moving by conduction across an area of soil in a unit of time. Measured as part of the soil array.,
DP1.10080.001,1,Soil inorganic nitrogen pools and transformations,Available,https://data.neonscience.org/data-products/DP1.10080.001,2017-03,2019-12,Terrestrial Observation System (TOS),Soil inorganic nitrogen concentrations and rates of net nitrogen mineralization and net nitrification from the top 30 cm of the profile. Data are reported by horizon (organic vs. mineral) within a soil core.,
DP1.10104.001,1,Soil microbe biomass,Available,https://data.neonscience.org/data-products/DP1.10104.001,2017-03,2019-07,Terrestrial Observation System (TOS),Quantitative abundance of total microbes in soil samples,
DP1.10081.001,1,Soil microbe community composition,Available,https://data.neonscience.org/data-products/DP1.10081.001,2014-01,2014-10,Terrestrial Observation System (TOS),"Counts and relative abundances of archaeal, bacterial, and fungal taxa observed in soil microbial communities",
DP1.10109.001,1,Soil microbe group abundances,Available,https://data.neonscience.org/data-products/DP1.10109.001,2013-06,2018-10,Terrestrial Observation System (TOS),"Counts and relative abundances of marker genes from total archaea, bacteria, and fungi observed by qPCR in soil microbial communities",
DP1.10108.001,1,Soil microbe marker gene sequences,Available,https://data.neonscience.org/data-products/DP1.10108.001,2013-06,2018-11,Terrestrial Observation System (TOS),DNA sequence data from ribosomal RNA marker genes from soil samples,
DP1.10107.001,1,Soil microbe metagenome sequences,Available,https://data.neonscience.org/data-products/DP1.10107.001,2013-06,2019-09,Terrestrial Observation System (TOS),Metagenomic sequence data from soil samples,
DP1.10047.001,1,Soil physical properties (Distributed initial characterization),Available,https://data.neonscience.org/data-products/DP1.10047.001,2015-09,2018-08,Terrestrial Observation System (TOS),Soil physical properties of a soil core that was sampled by the NRCS as part of initial site characterization activities at the NEON site.  Data are reported by horizon for the top 1m of the soil profile. Also see distributed periodic and megapit soil data.,
DP1.10086.001,1,Soil physical properties (Distributed periodic),Available,https://data.neonscience.org/data-products/DP1.10086.001,2013-06,2020-01,Terrestrial Observation System (TOS),Soil physical properties from the top 30 cm of the profile from periodic soil core collections. Data are reported by horizon (mineral vs. organic). See initial characterization and megapit products for additional soil data.,
DP1.00096.001,1,Soil physical properties (Megapit),Available,https://data.neonscience.org/data-products/DP1.00096.001,2012-06,2018-07,Terrestrial Instrument System (TIS),"Soil taxonomy, horizon names, horizon depths, as well as soil bulk density and texture (sand, silt, and clay content) in the <= 2 mm soil fraction for each soil horizon. Data were derived from a sampling location expected to be representative of the area where the Instrumented Soil Plots per site are located and were collected once during site construction. Also see distributed soil data products.",
DP1.10100.001,1,Soil stable isotopes (Distributed periodic),Available,https://data.neonscience.org/data-products/DP1.10100.001,2014-01,2019-06,Terrestrial Observation System (TOS),Soil stable isotope values from the top 30 cm of the profile from periodic soil core collections. Data are reported by horizon (mineral vs. organic). See initial characterization and megapit products for additional soil data.,
DP1.00041.001,1,Soil temperature,Available,https://data.neonscience.org/data-products/DP1.00041.001,2014-09,2020-02,Terrestrial Instrument System (TIS),Temperature of the soil at various depth below the soil surface from 2 cm up to 200 cm at non-permafrost sites (up to 300 cm at Alaskan sites). Data are from all five Instrumented Soil Plots per site and presented as 1-minute and 30-minute averages.,
DP1.00094.001,1,Soil water content and water salinity,Available,https://data.neonscience.org/data-products/DP1.00094.001,2016-04,2020-02,Terrestrial Instrument System (TIS),Soil volumetric water content and an index of salinity at various depth below the soil surface from 2 cm up to 200 cm at non-permafrost sites (up to 300 cm at Alaskan sites). Data are from all five Instrumented Soil Plots per site and presented as 1-minute and 30-minute averages.,
DP1.20015.001,1,Specific conductivity in groundwater,Available,https://data.neonscience.org/data-products/DP1.20015.001,2016-03,2020-02,Aquatic Instrument System (AIS),In situ sensor-based measurements of specific conductance of groundwater in wells,
DP1.20008.001,1,Specific conductivity of surface water,Coming Soon,https://data.neonscience.org/data-products/DP1.20008.001,,,Aquatic Instrument System (AIS),In situ sensor-based measurements of specific conductance in surface water,
DP1.00043.001,1,Spectral sun photometer - calibrated sky radiances,Available,https://data.neonscience.org/data-products/DP1.00043.001,2013-06,2020-03,Terrestrial Instrument System (TIS),Calibrated Sky Radiances; includes Almucantar Radiance Data and Principal Plane Radiance Data.,
DP1.30006.001,1,Spectrometer orthorectified surface directional reflectance - flightline,Available,https://data.neonscience.org/data-products/DP1.30006.001,2013-06,2019-09,Airborne Observation Platform (AOP),"Surface reflectance (0-1 unitless, scaled by 10,000) computed from the NEON Imaging Spectrometer using ATCOR4r is orthorectified and output onto a fixed, uniform spatial grid using nearest-neighbor resampling. Fixed spatial grid is based on the native spatial resolution which is driven by the aircraft altitude; data are provided by flightline.",
DP3.30006.001,3,Spectrometer orthorectified surface directional reflectance - mosaic,Available,https://data.neonscience.org/data-products/DP3.30006.001,2013-06,2019-09,Airborne Observation Platform (AOP),"Orthorectified Surface reflectance (0-1 unitless, scaled by 10,000) computed from the NEON Imaging Spectrometer (NIS) per pixel; data are orthorectified and output onto a fixed, uniform spatial grid using nearest-neighbor resampling (tbr). Level 1 flight lines over a given site are mosaicked into single product; spatial resolution is 1m.",
DP1.30008.001,1,Spectrometer orthrorectified at-sensor radiance - flightline,Available,https://data.neonscience.org/data-products/DP1.30008.001,2013-06,2019-09,Airborne Observation Platform (AOP),"Calibrated radiance in units of uW/cm^2-sr-nm as measured by the NEON Imaging Spectrometer is orthorectified and output onto a fixed, uniform spatial grid using nearest-neighbor resampling. Fixed spatial grid is based on the native spatial resolution which is driven by the aircraft altitude; data are provided by flightline.",
DP1.20276.001,1,Stable isotope concentrations in groundwater,Available,https://data.neonscience.org/data-products/DP1.20276.001,2015-10,2020-02,Aquatic Observation System (AOS),Grab samples for stable isotopes of water in groundwater,
DP1.00038.001,1,Stable isotope concentrations in precipitation,Available,https://data.neonscience.org/data-products/DP1.00038.001,2017-07,2020-02,Terrestrial Instrument System (TIS),Stable isotope ratios of 18O and 2H in precipitation water,
DP1.20206.001,1,Stable isotope concentrations in surface waters,Available,https://data.neonscience.org/data-products/DP1.20206.001,2014-12,2020-02,Aquatic Observation System (AOS),"Grab samples for stable isotope chemistry including water and organic matter, in lakes, non-wadeable streams, and wadeable streams",
DP4.00130.001,4,Stream discharge,Available,https://data.neonscience.org/data-products/DP4.00130.001,2017-07,2019-02,Aquatic Instrument System (AIS),Continuous measurements of stream discharge calculated from a stage-discharge rating curve and sensor-based measurements of water surface elevation.,
DP1.20048.001,1,Stream discharge field collection,Available,https://data.neonscience.org/data-products/DP1.20048.001,2014-07,2020-02,Aquatic Observation System (AOS),Discharge measurements from field-based surveys,
DP4.00133.001,4,Stream discharge rating curve,Available,https://data.neonscience.org/data-products/DP4.00133.001,2016-09,2017-09,Aquatic Instrument System (AIS),Rating curve generated from manual wading surveys of stream discharge. Used to calculate continuous measurements of stream discharge.,
DP4.00131.001,4,Stream morphology map,Available,https://data.neonscience.org/data-products/DP4.00131.001,2017-08,2019-12,Aquatic Observation System (AOS),"Map showing the morphology of streams. These maps denote topography of the stream basin as well as location of the thalweg, coarse woody debris, gravel/sand bars, and other features of interest.",
DP4.00001.001,4,Summary weather statistics,Available,https://data.neonscience.org/data-products/DP4.00001.001,2017-01,2020-02,Terrestrial Instrument System (TIS),"Present summary statistics for biometeorological variables for NEON weather stations at core TIS sites. Statistics will include means, standard deviations, maxima, and minima for periods of days, months, and years. Engineering-grade product only.",
DP1.20138.001,1,Surface water microbe cell count,Available,https://data.neonscience.org/data-products/DP1.20138.001,2014-08,2020-02,Aquatic Observation System (AOS),"Cell counts from surface water microbial collection in lakes, wadeable streams, and non-wadeable streams",
DP1.20141.001,1,Surface water microbe community composition,Coming Soon,https://data.neonscience.org/data-products/DP1.20141.001,,,Aquatic Observation System (AOS),"Counts and relative abundances of archaeal, bacterial, and fungal taxa observed in surface water microbial communities in lakes, non-wadeable streams, and wadeable streams",
DP1.20278.001,1,Surface water microbe group abundances,Available,https://data.neonscience.org/data-products/DP1.20278.001,2014-08,2018-10,Aquatic Observation System (AOS),"Counts and relative abundances of marker genes from total archaea, bacteria, and fungi observed by qPCR in surface water microbial communities",
DP1.20282.001,1,Surface water microbe marker gene sequences,Available,https://data.neonscience.org/data-products/DP1.20282.001,2014-08,2018-10,Aquatic Observation System (AOS),DNA sequence data from ribosomal RNA marker genes from surface water samples,
DP1.20281.001,1,Surface water microbe metagenome sequences,Available,https://data.neonscience.org/data-products/DP1.20281.001,2014-08,2018-08,Aquatic Observation System (AOS),Metagenomic sequence data from surface water samples,
DP1.20054.001,1,Temperature (digital thermistor) of surface water,Coming Soon,https://data.neonscience.org/data-products/DP1.20054.001,,,Aquatic Instrument System (AIS),In situ sensor-based measurements of temperature in surface water using a digital thermistor,
DP1.20053.001,1,Temperature (PRT) in surface water,Available,https://data.neonscience.org/data-products/DP1.20053.001,2016-05,2020-02,Aquatic Instrument System (AIS),"Surface water temperature, available as one-, five-, and thirty-minute  averages, measured by a platinum resistance thermometer at the sensor location in lakes, wadeable and non-wadeable streams",
DP1.20264.001,1,Temperature at specific depth in surface water,Available,https://data.neonscience.org/data-products/DP1.20264.001,2017-09,2020-02,Aquatic Instrument System (AIS),Sensor based measurements of water temperature in lake and river sites. Temperature is measured at specific depths by a fixed-length buoy-mounted array of temperature sensors.,
DP1.20217.001,1,Temperature of groundwater,Available,https://data.neonscience.org/data-products/DP1.20217.001,2016-03,2020-02,Aquatic Instrument System (AIS),Sensor based measurement of groundwater temperature in each well.,
DP2.00024.001,2,Temperature rate of change,Available,https://data.neonscience.org/data-products/DP2.00024.001,2016-12,2020-01,Terrestrial Instrument System (TIS),Time rate of change of temperature (storage component only) over 30 minutes at each measurement level along the vertical tower profile. Gap-filling is not applicable.,
DP3.00008.001,3,Temperature rate of change profile,Available,https://data.neonscience.org/data-products/DP3.00008.001,2016-12,2020-01,Terrestrial Instrument System (TIS),"Time rate of change of temperature (storage component only) over 30 min, spatially interpolated along the vertical tower profile.",
DP2.00004.001,2,Temporally interpolated biological temperature,Coming Soon,https://data.neonscience.org/data-products/DP2.00004.001,,,Terrestrial Instrument System (TIS),"Temporally interpolated (i.e., to gap fill missing data) biological temperature (i.e. surface temperature) measured via IR temperature sensors located in the soil array and at multiple heights on the tower infrastructure.",
DP2.00016.001,2,Temporally interpolated PAR-line,Coming Soon,https://data.neonscience.org/data-products/DP2.00016.001,,,Terrestrial Instrument System (TIS),"Temporally interpolated (i.e., to gap fill missing data) Photosynthetically Active Radiation (PAR). Observations are made by sensors at the soil surface covering a one meter length.",
DP2.00005.001,2,Temporally interpolated photosynthetically active radiation,Coming Soon,https://data.neonscience.org/data-products/DP2.00005.001,,,Terrestrial Instrument System (TIS),"Temporally interpolated (i.e., to gap fill missing data) Photosynthetically Active Radiation (PAR). Observations are made by sensors located at multiple heights on the tower infrastructure and a single sensor located on the aquatic meteorology station.",
DP2.00020.001,2,Temporally interpolated shortwave and longwave radiation (net radiometer),Coming Soon,https://data.neonscience.org/data-products/DP2.00020.001,,,Terrestrial Instrument System (TIS),"Temporally interpolated (i.e., to gap fill missing data) net radiation that is composed of incoming and outgoing shortwave and longwave radiation. These data products are available as one- and thirty-minute averages from sensors located on the TIS tower and located on the aquatic meteorology station.",
DP2.00006.001,2,Temporally interpolated soil temperature,Coming Soon,https://data.neonscience.org/data-products/DP2.00006.001,,,Terrestrial Instrument System (TIS),"Temporally interpolated (i.e., to gap fill missing data) soil temperature at various depth below the soil surface from 2 cm up to 200 cm at non-permafrost sites (up to 300 cm at Alaskan sites). Data are from all five Instrumented Soil Plots per site and presented as 1-minute and 30-minute averages.",
DP2.00023.001,2,Temporally interpolated triple aspirated tower temperature,Coming Soon,https://data.neonscience.org/data-products/DP2.00023.001,,,Terrestrial Instrument System (TIS),"Temporally interpolated (i.e. to gap fill missing data) air temperature, derived from triplicate 1 Hz temperature observations. Observations are made by sensors located at the top of the tower infrastructure. Temperature observations are made by three platinum resistance thermometers, which are housed together in a fan aspirated shield to reduce radiative biases.",
DP1.10092.001,1,Tick-borne pathogen status,Available,https://data.neonscience.org/data-products/DP1.10092.001,2014-04,2017-09,Terrestrial Observation System (TOS),Presence/absence of a pathogen in each single tick sample,
DP1.10093.001,1,Ticks sampled using drag cloths,Available,https://data.neonscience.org/data-products/DP1.10093.001,2014-04,2020-02,Terrestrial Observation System (TOS),Abundance and density of ticks collected by drag and/or flag sampling (by species and/or lifestage),
DP2.30016.001,2,Total biomass map - spectrometer - flightline,Available,https://data.neonscience.org/data-products/DP2.30016.001,2013-06,2019-09,Airborne Observation Platform (AOP),Mass of all above ground organic matter per unit area at particular time; estimate of  biomass derived from correlation with NDVI and LAI parameters; data are provided by flightline data are provided by flightline at equivalent resolution to spectrometer orthorectified surface directional reflectance.,
DP3.30016.001,3,Total biomass map - spectrometer - mosaic,Available,https://data.neonscience.org/data-products/DP3.30016.001,2013-06,2019-09,Airborne Observation Platform (AOP),Mass of all aboveground organic matter per unit area at particular time; estimate of biomass derived from correlation with NDVI and LAI parameters; mosaicked from the total biomass level 2 product onto a spatially uniform grid at 1 m spatial resolution and provided as 1 km by 1 km tiles.,
DP1.00003.001,1,Triple aspirated air temperature,Available,https://data.neonscience.org/data-products/DP1.00003.001,2013-12,2020-02,Terrestrial Instrument System (TIS),"Air temperature, available as one- and thirty-minute averages derived from triplicate 1 Hz temperature observations. Observations are made by sensors located at the top of the tower infrastructure. Temperature observations are made by three platinum resistance thermometers, which are housed together in a fan aspirated shield to reduce radiative biases.",
DP2.30026.001,2,Vegetation indices - spectrometer - flightline,Available,https://data.neonscience.org/data-products/DP2.30026.001,2013-06,2019-09,Airborne Observation Platform (AOP),"NDVI - Normalized ratio of NIR and IR bands; characterizes the \""red edge"" in vegetation spectra. SAVI - Normalized ratio of 850 nm and 650 nm bands with gain and offset factors to minimize soil contribution in result; primary input to LAI product. EVI - Normalized ratio of NIR and IR bans (red edge characterization); includes Blue channel for better aerosol characterization. Data are provided by flightline; additional indices will be assessed and added to this product",
DP3.30026.001,3,Vegetation indices - spectrometer - mosaic,Available,https://data.neonscience.org/data-products/DP3.30026.001,2013-06,2019-09,Airborne Observation Platform (AOP),"NDVI - Normalized ratio of NIR and IR bands; characterizes the \""red edge"" in vegetation spectra. SAVI - Normalized ratio of 850 nm and 650 nm bands with gain and offset factors to minimize soil contribution in result; primary input to LAI product. EVI - Normalized ratio of NIR and IR bans (red edge characterization); includes Blue channel for better aerosol characterization.  Level 2 products derived from individual flight lines over a given site are mosaicked into single product; spatial resolution is 1m.",
DP1.20288.001,1,Water quality,Available,https://data.neonscience.org/data-products/DP1.20288.001,2016-08,2020-02,Aquatic Instrument System (AIS),"In situ sensor-based specific conductivity, concentration of chlorophyll a, dissolved oxygen content, fDOM concentration, pH, and turbidity, available as one- or five-minute instantaneous measurements in surface water of lakes, wadeable streams, and non-wadeable streams.",
DP1.20055.001,1,Water temperature and conductivity in lakes from subsurface moored array of sensors,Coming Soon,https://data.neonscience.org/data-products/DP1.20055.001,,,Aquatic Instrument System (AIS),"Measurements of water temperature and conductivity in lakes from subsurface moored array of sensors. Temperature and conductivity are measured at specific depths, which are monitored via a pressure transducer. The subsurface mooring enables continuous winter monitoring beneath ice at frozen lake sites.",
DP1.00013.001,1,Wet deposition chemical analysis,Available,https://data.neonscience.org/data-products/DP1.00013.001,2017-07,2020-02,Terrestrial Instrument System (TIS),"Total dissolved chemical ion concentrations of sulfate (SO4 2-), nitrate (NO3-), chloride (Cl-), bromide (Br-), ammonium (NH4+), phosphate (PO4 3-), calcium (Ca2+), magnesium (Mg2+), potassium (K+), sodium (Na+), and pH/Conductivity in precipitation water; collected at TIS and AIS sites.",
DP1.20059.001,1,Windspeed and direction above water on-buoy,Available,https://data.neonscience.org/data-products/DP1.20059.001,2017-09,2020-02,Aquatic Instrument System (AIS),Wind speed and direction; observations are made by 2-D sonic anemometer sensors located on lake and river buoys.,
DP1.10098.001,1,Woody plant vegetation structure,Available,https://data.neonscience.org/data-products/DP1.10098.001,2014-01,2019-11,Terrestrial Observation System (TOS),"Structure measurements, including height, canopy diameter, and stem diameter, as well as mapped position of individual woody plants",
DP1.20219.001,1,Zooplankton collection,Available,https://data.neonscience.org/data-products/DP1.20219.001,2014-07,2020-02,Aquatic Observation System (AOS),Collection of zooplankton from water column samples in lakes,
DP1.20221.001,1,Zooplankton metabarcoding,Available,https://data.neonscience.org/data-products/DP1.20221.001,2017-10,2020-02,Aquatic Observation System (AOS),CO1 DNA sequences of the zooplankton community,
