network,network_fullname,domain,domain_fullname,site_code,site_fullname,stream_name,site_type,ws_status,latitude,longitude,epsg_code,ws_area_ha,n_observations,n_variables,first_record_utc,last_record_utc,timezone_olson
lter,LTER,hbef,Hubbard Brook,w1,Watershed 1,Stream 1,stream_gauge,experimental,43.952034,-71.726501,4326,14.0618677334717,1159281,32,1956-01-01T00:00:00Z,2021-04-15T00:00:00Z,America/New_York
lter,LTER,hbef,Hubbard Brook,w2,Watershed 2,Stream 2,stream_gauge,experimental,43.953358,-71.724174,4326,17.8911433030314,1213415,32,1956-01-01T00:00:00Z,2021-04-15T00:00:00Z,America/New_York
lter,LTER,hbef,Hubbard Brook,w3,Watershed 3,Stream 3,stream_gauge,non-experimental,43.954875,-71.722816,4326,40.1653224937898,1174913,32,1956-01-01T00:00:00Z,2021-04-15T00:00:00Z,America/New_York
lter,LTER,hbef,Hubbard Brook,w4,Watershed 4,Stream 4,stream_gauge,experimental,43.950176,-71.725792,4326,38.7510000052115,1206279,32,1956-01-01T00:00:00Z,2021-04-15T00:00:00Z,America/New_York
lter,LTER,hbef,Hubbard Brook,w5,Watershed 5,Stream 5,stream_gauge,experimental,43.948845,-71.731918,4326,20.7415065882178,1165964,32,1956-01-01T00:00:00Z,2021-04-15T00:00:00Z,America/New_York
lter,LTER,hbef,Hubbard Brook,w6,Watershed 6,Stream 6,stream_gauge,non-experimental,43.94994,-71.735641,4326,14.9349246393909,1212383,32,1956-01-01T00:00:00Z,2021-04-15T00:00:00Z,America/New_York
lter,LTER,hbef,Hubbard Brook,w7,Watershed 7,Stream 7,stream_gauge,non-experimental,43.927509,-71.767075,4326,76.4470035386992,1117315,32,1956-01-01T00:00:00Z,2021-04-15T00:00:00Z,America/New_York
lter,LTER,hbef,Hubbard Brook,w8,Watershed 8,Stream 8,stream_gauge,non-experimental,43.929436,-71.759521,4326,60.9231306446846,1093921,32,1956-01-01T00:00:00Z,2021-04-15T00:00:00Z,America/New_York
lter,LTER,hbef,Hubbard Brook,w9,Watershed 9,Stream 9,stream_gauge,non-experimental,43.926014,-71.747195,4326,70.1246453502661,917166,32,1956-01-01T00:00:00Z,2021-04-15T00:00:00Z,America/New_York
lter,LTER,hbef,Hubbard Brook,HBK,Hubbard Brook Mainstem,Hubbard Brook,stream_sampling_point,NA,43.939763,-71.703585,4326,NA,340052,30,1973-07-01T00:00:00Z,2020-05-27T00:00:00Z,America/New_York
lter,LTER,hbef,Hubbard Brook,ML70,Mirror Lake Outlet,NA,stream_sampling_point,NA,43.940567,-71.690937,4326,NA,68299,28,2013-06-04T00:00:00Z,2020-05-26T00:00:00Z,America/New_York
lter,LTER,hjandrews,H. J. Andrews,GSLOOK,NA,Lookout Creek,stream_gauge,experimental,44.2101255022,-122.257145776,4326,6219.83099164524,454244,28,1949-10-01T00:00:00Z,2019-09-30T00:00:00Z,America/Los_Angeles
lter,LTER,hjandrews,H. J. Andrews,GSWS01,NA,Stream 1,stream_gauge,experimental,44.2073394042,-122.258027394,4326,97.9781162178358,458471,28,1951-11-21T00:00:00Z,2019-10-01T00:00:00Z,America/Los_Angeles
lter,LTER,hjandrews,H. J. Andrews,GSWS02,NA,Stream 2,stream_gauge,non-experimental,44.2120146041,-122.244875675,4326,59.0546739936156,536077,28,1951-11-21T00:00:00Z,2019-10-01T00:00:00Z,America/Los_Angeles
lter,LTER,hjandrews,H. J. Andrews,GSWS03,NA,Stream 3,stream_gauge,experimental,44.2194395724,-122.24300003,4326,92.8206513556025,401301,28,1951-11-21T00:00:00Z,2019-10-01T00:00:00Z,America/Los_Angeles
lter,LTER,hjandrews,H. J. Andrews,GSWS06,NA,Stream 6,stream_gauge,experimental,44.2615081253,-122.180706523,4326,11.9913392723808,504967,28,1951-11-21T00:00:00Z,2019-10-01T00:00:00Z,America/Los_Angeles
lter,LTER,hjandrews,H. J. Andrews,GSWS07,NA,Stream 7,stream_gauge,experimental,44.2646368258,-122.175264862,4326,12.4032537866438,508198,28,1951-11-21T00:00:00Z,2019-10-01T00:00:00Z,America/Los_Angeles
lter,LTER,hjandrews,H. J. Andrews,GSWS08,NA,Stream 8,stream_gauge,non-experimental,44.266294258,-122.170792538,4326,16.010075273231,563574,28,1951-11-21T00:00:00Z,2019-10-01T00:00:00Z,America/Los_Angeles
lter,LTER,hjandrews,H. J. Andrews,GSWS09,NA,Stream 9,stream_gauge,non-experimental,44.2011898244,-122.258801374,4326,7.15350029388499,580718,27,1951-11-21T00:00:00Z,2019-10-01T00:00:00Z,America/Los_Angeles
lter,LTER,hjandrews,H. J. Andrews,GSWS10,NA,stream 10,stream_gauge,experimental,44.2170569856,-122.261055512,4326,11.4320111485764,587751,28,1951-11-21T00:00:00Z,2019-10-01T00:00:00Z,America/Los_Angeles
lter,LTER,hjandrews,H. J. Andrews,GSMACK,Mack Creek,Mack Creek,stream_gauge,experimental,44.21944,-122.1674,4326,577.869580548776,532246,28,1951-11-21T00:00:00Z,2019-10-01T00:00:00Z,America/Los_Angeles
lter,LTER,hjandrews,H. J. Andrews,GSMACK,Mack Creek,Mack Creek,stream_gauge,experimental,44.21944,-122.1674,4326,577.869580548776,532246,28,1951-11-21T00:00:00Z,2019-10-01T00:00:00Z,America/Los_Angeles
lter,LTER,hjandrews,H. J. Andrews,TSLOOK,Lookout Creek upper thermograph site,Lookout Creek,stream_sampling_point,NA,44.22478329,-122.1216289,4326,483.018193077372,14572,1,1977-01-05T00:00:00Z,2017-05-25T00:00:00Z,America/Los_Angeles
lter,LTER,hjandrews,H. J. Andrews,TSMACK,Mack Creek old-growth thermograph site,Mack Creek,stream_sampling_point,NA,44.21664907,-122.16547369,4326,512.953552778539,6233,1,1976-08-13T00:00:00Z,1994-03-06T00:00:00Z,America/Los_Angeles
lter,LTER,hjandrews,H. J. Andrews,TSMCRA,McRae Creek upper thermograph site,McRae Creek,stream_sampling_point,NA,44.25638612,-122.16757303,4326,598.034328577294,14129,1,1976-08-12T00:00:00Z,2015-11-11T00:00:00Z,America/Los_Angeles
lter,LTER,hjandrews,H. J. Andrews,TSQRTZ,Quartz Creek (Blue River tributary) thermograph site,Quartz Creek,stream_sampling_point,NA,44.198319,-122.301997,4326,NA,3719,1,1982-08-16T00:00:00Z,1994-02-26T00:00:00Z,America/Los_Angeles
lter,LTER,hjandrews,H. J. Andrews,TSLOMA,Lookout and Mack Creek confluence thermograph site,NA,stream_sampling_point,NA,44.22756413,-122.16802024,4326,2599.45750415965,7655,1,1995-05-05T00:00:00Z,2017-05-24T00:00:00Z,America/Los_Angeles
lter,LTER,hjandrews,H. J. Andrews,TSLOMC,Lookout and McRae Creek confluence thermograph site,NA,stream_sampling_point,NA,44.23298992,-122.20863436,4326,5066.89163604921,284,1,1995-05-08T00:00:00Z,1996-02-15T00:00:00Z,America/Los_Angeles
neon,NEON,neon,NEON,FLNT,Flint River,Flint River,stream_gauge,non-experimental,31.18542,-84.4374,4326,1499616.58103623,46554,29,2017-03-08T00:00:00Z,2021-05-12T00:00:00Z,America/New_York
neon,NEON,neon,NEON,TOMB,Lower Tombigbee River at Choctaw Refuge,Lower Tombigbee River at Choctaw Refuge,stream_gauge,non-experimental,31.8521,-88.16107,4326,4712891.96014439,35641,28,2016-10-12T00:00:00Z,2021-05-11T00:00:00Z,America/Chicago
neon,NEON,neon,NEON,BLWA,Black Warrior River near Dead Lake,Black Warrior River near Dead Lake,stream_gauge,non-experimental,32.54153,-87.79815,4326,1617767.49994881,35854,28,2016-10-05T00:00:00Z,2021-05-08T00:00:00Z,America/Chicago
neon,NEON,neon,NEON,WLOU,West St Louis Creek,West St Louis Creek,stream_gauge,non-experimental,39.89137,-105.9154,4326,489.841440317104,49782,30,2017-05-03T00:00:00Z,2021-07-01T00:00:00Z,America/Denver
neon,NEON,neon,NEON,MCDI,McDiffett Creek,McDiffett Creek,stream_gauge,non-experimental,38.94428,-96.44197,4326,2256.10928301246,34994,29,2016-12-14T00:00:00Z,2021-07-01T00:00:00Z,America/Chicago
neon,NEON,neon,NEON,LEWI,Lewis Run,Lewis Run,stream_gauge,non-experimental,39.09564,-77.98322,4326,1189.8388002168,56960,29,2016-10-06T00:00:00Z,2021-05-06T00:00:00Z,America/New_York
neon,NEON,neon,NEON,BLUE,Blue River,Blue River,stream_gauge,non-experimental,34.44422,-96.6242,4326,32220.403320138,41696,33,2017-01-31T00:00:00Z,2021-07-01T00:00:00Z,America/Chicago
neon,NEON,neon,NEON,TECR,Teakettle 2 Creek,Teakettle 2 Creek,stream_gauge,non-experimental,36.95528,-119.02699,4326,297.369131003113,21651,29,2018-10-31T00:00:00Z,2021-05-13T00:00:00Z,America/Los_Angeles
neon,NEON,neon,NEON,HOPB,Lower Hop Brook,Lower Hop Brook,stream_gauge,non-experimental,42.47179,-72.32963,4326,1186.25750757797,56170,29,2016-09-07T00:00:00Z,2021-05-12T00:00:00Z,America/New_York
neon,NEON,neon,NEON,MART,Martha Creek,Martha Creek,stream_gauge,non-experimental,45.79125,-121.93196,4326,633.245625684021,41618,29,2017-11-08T00:00:00Z,2021-04-09T00:00:00Z,America/Los_Angeles
neon,NEON,neon,NEON,BIGC,Upper Big Creek,Upper Big Creek,stream_gauge,non-experimental,37.058,-119.256,4326,1089.66609189355,33029,30,2018-02-20T00:00:00Z,2021-07-01T00:00:00Z,America/Los_Angeles
neon,NEON,neon,NEON,REDB,Red Butte Creek,Red Butte Creek,stream_gauge,non-experimental,40.78374,-111.79765,4326,1669.40362508987,86402,33,2012-02-04T00:00:00Z,2021-05-12T00:00:00Z,America/Denver
neon,NEON,neon,NEON,SYCA,Sycamore Creek,Sycamore Creek,stream_gauge,non-experimental,33.74906,-111.5069,4326,28056.4871929182,47349,33,2017-06-21T00:00:00Z,2021-07-01T00:00:00Z,America/Phoenix
neon,NEON,neon,NEON,COMO,Como Creek,Como Creek,stream_gauge,non-experimental,40.03496,-105.54487,4326,356.247652844865,70418,29,2015-05-22T00:00:00Z,2021-01-15T00:00:00Z,America/Denver
neon,NEON,neon,NEON,BLDE,Blacktail Deer Creek,Blacktail Deer Creek,stream_gauge,non-experimental,44.95011,-110.58715,4326,3775.58037546433,33408,29,2018-03-07T00:00:00Z,2021-05-13T00:00:00Z,America/Denver
neon,NEON,neon,NEON,PRIN,Pringle Creek,Pringle Creek,stream_gauge,non-experimental,33.37859,-97.78226,4326,4893.21727126148,57936,33,2016-08-31T00:00:00Z,2021-07-01T00:00:00Z,America/Chicago
neon,NEON,neon,NEON,MCRA,McRae Creek,McRae Creek,stream_gauge,non-experimental,44.2596,-122.16555,4326,392.415246288087,39566,29,2017-06-14T00:00:00Z,2021-04-02T00:00:00Z,America/Los_Angeles
neon,NEON,neon,NEON,CARI,"Caribou Creek, Caribou-Poker Creeks Research Watershed","Caribou Creek, Caribou-Poker Creeks Research Watershed",stream_gauge,non-experimental,65.15306,-147.50246,4326,3084.39342775955,54248,29,2016-07-20T00:00:00Z,2021-05-12T00:00:00Z,America/Anchorage
neon,NEON,neon,NEON,OKSR,Oksrukuyik Creek,Oksrukuyik Creek,stream_gauge,non-experimental,68.66975,-149.14302,4326,5740.19082611834,44164,29,2016-07-15T00:00:00Z,2020-10-31T00:00:00Z,America/Anchorage
neon,NEON,neon,NEON,ARIK,Arikaree River,Arikaree River,stream_gauge,non-experimental,39.75825,-102.4471,4326,262978.420352069,109818,33,2012-02-01T00:00:00Z,2021-07-01T00:00:00Z,America/Denver
neon,NEON,neon,NEON,GUIL,Rio Guilarte,Rio Guilarte,stream_gauge,non-experimental,18.1741,-66.79851,4326,958.338074620711,74526,33,2015-01-23T00:00:00Z,2021-07-01T00:00:00Z,America/Puerto_Rico
neon,NEON,neon,NEON,CUPE,Rio Cupeyes,Rio Cupeyes,stream_gauge,non-experimental,18.11352,-66.98676,4326,427.165118072739,72851,33,2014-12-31T00:00:00Z,2021-07-01T00:00:00Z,America/Puerto_Rico
neon,NEON,neon,NEON,POSE,Posey Creek,Posey Creek,stream_gauge,non-experimental,38.89332,-78.14678,4326,202.568670292329,55068,28,2014-07-23T00:00:00Z,2021-05-05T00:00:00Z,America/New_York
neon,NEON,neon,NEON,KING,Kings Creek,Kings Creek,stream_gauge,non-experimental,39.10506,-96.60336,4326,1303.01728898079,74155,29,2015-06-10T00:00:00Z,2021-02-03T00:00:00Z,America/Chicago
neon,NEON,neon,NEON,MAYF,Mayfield Creek,Mayfield Creek,stream_gauge,non-experimental,32.95966,-87.40813,4326,1436.9561888525,75213,29,2014-10-22T00:00:00Z,2021-05-12T00:00:00Z,America/Chicago
neon,NEON,neon,NEON,WALK,Walker Branch,Walker Branch,stream_gauge,non-experimental,35.95947,-84.28041,4326,108.980604477199,76205,29,2015-04-14T00:00:00Z,2021-05-11T00:00:00Z,America/New_York
neon,NEON,neon,NEON,LECO,LeConte Creek,LeConte Creek,stream_gauge,non-experimental,35.69043,-83.50379,4326,912.029179850036,64463,29,2015-08-11T00:00:00Z,2021-05-12T00:00:00Z,America/New_York
lter,LTER,konza,Konza,N04D,NA,N04D,stream_gauge,experimental,39.0874,-96.5844,4326,121.446251268589,240150,13,1982-06-14T00:00:00Z,2020-12-31T00:00:00Z,America/Chicago
lter,LTER,konza,Konza,N20B,NA,N20B,stream_gauge,experimental,39.08858,-96.57654,4326,74.6273377082089,220891,11,1982-06-14T00:00:00Z,2020-12-31T00:00:00Z,America/Chicago
lter,LTER,konza,Konza,N01B,NA,N01B,stream_gauge,experimental,39.08668,-96.577,4326,119.062385177314,501002,11,1982-06-14T00:00:00Z,2020-12-31T00:00:00Z,America/Chicago
lter,LTER,konza,Konza,N02B,NA,N02B,stream_gauge,experimental,39.0898,-96.5886,4326,85.7342583924206,505518,13,1982-06-14T00:00:00Z,2020-12-31T00:00:00Z,America/Chicago
lter,LTER,konza,Konza,HOKN,Hokanson,HOKN,stream_sampling_point,NA,39.10376,-96.59542,4326,NA,42158,6,1991-04-27T00:00:00Z,2019-01-01T00:00:00Z,America/Chicago
lter,LTER,konza,Konza,NFKC,North Fork Kings Creek,NFKC,stream_sampling_point,NA,39.10155,-96.59239,4326,NA,35958,6,1991-04-19T00:00:00Z,2019-01-01T00:00:00Z,America/Chicago
lter,LTER,konza,Konza,SFKC,South Fork Kings Creek,SFKC,stream_sampling_point,NA,39.10128,-96.59239,4326,NA,38414,6,1991-04-28T00:00:00Z,2019-01-01T00:00:00Z,America/Chicago
lter,LTER,konza,Konza,KZFL,Konza Falls,KZFL,stream_sampling_point,NA,39.08763,-96.58482,4326,NA,3187,6,1998-03-03T00:00:00Z,1999-08-19T00:00:00Z,America/Chicago
lter,LTER,konza,Konza,SHAN,Shane,SHAN,stream_sampling_point,NA,39.11439,-96.55757,4326,NA,20070,6,2009-05-02T00:00:00Z,2020-07-14T00:00:00Z,America/Chicago
lter,LTER,konza,Konza,TUBE,Four Tubes,TUBE,stream_sampling_point,NA,39.09873,-96.58944,4326,NA,17236,6,1996-10-08T00:00:00Z,2006-09-14T00:00:00Z,America/Chicago
lter,LTER,konza,Konza,N02B,NA,N02B,stream_gauge,experimental,39.0898,-96.5886,4326,85.7342583924206,505518,13,1982-06-14T00:00:00Z,2020-12-31T00:00:00Z,America/Chicago
lter,LTER,konza,Konza,N01B,NA,N01B,stream_gauge,experimental,39.08668,-96.577,4326,119.062385177314,501002,11,1982-06-14T00:00:00Z,2020-12-31T00:00:00Z,America/Chicago
lter,LTER,konza,Konza,HIKX,Hiking Trail,Kings Creek,stream_sampling_point,NA,39.107,-96.6068,4326,NA,42459,6,1991-04-28T00:00:00Z,2019-01-01T00:00:00Z,America/Chicago
lter,LTER,baltimore,Baltimore,GFCP,Gwynns Falls at Carroll Park,Gwynns Falls,stream_gauge,non-experimental,39.2715,-76.649,4326,16302.5955278081,120440,14,1998-10-16T00:00:00Z,2021-07-08T00:00:00Z,America/New_York
lter,LTER,baltimore,Baltimore,GFGB,Gwynns Falls at Gwynnbrook Avenue,Gwynns Falls,stream_gauge,non-experimental,39.443,-76.783,4326,1051.84074681028,130477,19,1998-10-01T00:00:00Z,2021-07-08T00:00:00Z,America/New_York
lter,LTER,baltimore,Baltimore,GFGL,Gwynns Falls at Glyndon,Gwynns Falls,stream_gauge,non-experimental,39.4718,-76.817,4326,85.3660869630368,126328,19,1998-10-01T00:00:00Z,2019-06-07T00:00:00Z,America/New_York
lter,LTER,baltimore,Baltimore,GFVN,Gwynns Falls at Villa Nova,Gwynns Falls,stream_gauge,non-experimental,39.3458,-76.733,4326,8287.46225807861,127385,14,1981-02-02T00:00:00Z,2021-07-08T00:00:00Z,America/New_York
lter,LTER,baltimore,Baltimore,POBR,Pond Branch forested reference site,Pond Branch,stream_gauge,non-experimental,39.4803,-76.688,4326,35.7639652786838,123476,19,1998-04-16T00:00:00Z,2021-07-08T00:00:00Z,America/New_York
lter,LTER,baltimore,Baltimore,DRKR,Dead Run at Krome Avenue,Dead Run,stream_gauge,non-experimental,39.3112,-76.717,4326,1410.11446940047,108914,14,1998-07-09T00:00:00Z,2021-07-08T00:00:00Z,America/New_York
lter,LTER,baltimore,Baltimore,BARN,Baisman Run at Ivy Hill Road,Baisman Run,stream_gauge,non-experimental,39.4794,-76.678,4326,382.036526403175,128200,19,1998-12-05T00:00:00Z,2021-07-08T00:00:00Z,America/New_York
lter,LTER,baltimore,Baltimore,RGHT,Rognel Heights,NA,stream_sampling_point,NA,39.2547,-76.69,4326,NA,37920,12,1999-02-26T00:00:00Z,2018-10-12T00:00:00Z,America/New_York
lter,LTER,baltimore,Baltimore,MCDN,McDonogh agricultural site,NA,stream_gauge,non-experimental,39.4004,-76.77,4326,5.60930171996345,107669,19,1999-12-01T00:00:00Z,2019-06-07T00:00:00Z,America/New_York
lter,LTER,baltimore,Baltimore,MAWI,Maidens Choice at Wilkens Avenue,Maidens Choice,stream_gauge,non-experimental,39.2755,-76.666,4326,1204.12340131353,42829,13,2001-10-02T00:00:00Z,2017-12-31T00:00:00Z,America/New_York
lter,LTER,baltimore,Baltimore,RR1,"Red Run at Painters Mill Bridge Road, Suburban",Red Run,stream_sampling_point,NA,39.404756,-76.779566,4326,NA,2565,6,1999-04-06T00:00:00Z,2000-08-29T00:00:00Z,America/New_York
lter,LTER,baltimore,Baltimore,RR2,"Red Run at Painters Mill Bridge Road, Suburban",Red Run,stream_sampling_point,NA,39.4113889,-76.8130556,4326,NA,2565,6,1999-04-06T00:00:00Z,2000-08-29T00:00:00Z,America/New_York
lter,LTER,baltimore,Baltimore,SL1,"Scotts Level Branch at Gwynns Falls, Suburban",Scotts Level Branch,stream_sampling_point,NA,39.360495,-76.745558,4326,NA,2646,6,1999-04-06T00:00:00Z,2000-09-08T00:00:00Z,America/New_York
lter,LTER,baltimore,Baltimore,SL2,"Scotts Level Branch at McDonogh Road,Suburban",Scotts Level Branch,stream_sampling_point,NA,39.373866,-76.791005,4326,NA,2623,6,1999-04-06T00:00:00Z,2000-09-08T00:00:00Z,America/New_York
lter,LTER,baltimore,Baltimore,HH,"Horsehead Branch at McDonogh Road, Suburban",Horsehead Branch,stream_sampling_point,NA,39.389581,-76.779703,4326,NA,2519,6,1999-04-06T00:00:00Z,2000-09-02T00:00:00Z,America/New_York
lter,LTER,baltimore,Baltimore,HLB,"Holly Branch at Gwynnbrook Avenue, Suburban",Holly Branch,stream_sampling_point,NA,39.1027778,-76.791111,4326,NA,2302,6,1999-06-24T00:00:00Z,2000-09-08T00:00:00Z,America/New_York
lter,LTER,baltimore,Baltimore,GF5,"Gwynns Falls at McDonogh Road, Suburban",Gwynns Falls,stream_sampling_point,NA,39.39121,-76.765326,4326,NA,2648,6,1999-04-06T00:00:00Z,2000-09-06T00:00:00Z,America/New_York
lter,LTER,baltimore,Baltimore,JBHH,Jennifer Branch at Hartford Hills,Jennifer Branch,stream_sampling_point,NA,39.3993,-76.52,4326,NA,36074,11,2003-08-20T00:00:00Z,2010-05-12T00:00:00Z,America/New_York
lter,LTER,baltimore,Baltimore,JBNW,Jennifer Branch at Northwind,Jennifer Branch,stream_sampling_point,NA,NA,NA,4326,NA,18813,11,2003-08-13T00:00:00Z,2010-06-09T00:00:00Z,America/New_York
lter,LTER,baltimore,Baltimore,JBON,Jennifer Branch at Ontario,Jennifer Branch,stream_sampling_point,NA,NA,NA,4326,NA,18862,11,2003-08-13T00:00:00Z,2010-06-09T00:00:00Z,America/New_York
lter,LTER,niwot,Niwot,SODDIE,Soddie stream,Soddie stream,stream_sampling_point,NA,40.047778,-105.570833,4326,NA,18068,30,1999-06-05T00:00:00Z,2013-10-16T00:00:00Z,America/Denver
lter,LTER,niwot,Niwot,ALBION,Albion Camp,Albion,stream_gauge,non-experimental,40.04287468,-105.592296,4326,718.762055581777,280891,31,1952-10-01T00:00:00Z,2020-12-31T00:00:00Z,America/Denver
lter,LTER,niwot,Niwot,GREEN1,Green Lake 1 Outlet,Green Lake 1,stream_sampling_point,NA,40.049746,-105.605309,4326,NA,51533,30,1985-06-07T00:00:00Z,2010-10-08T00:00:00Z,America/Denver
lter,LTER,niwot,Niwot,GREEN4,Green Lake 4 Outlet,Green Lake 4,stream_gauge,non-experimental,40.055742,-105.617065,4326,223.586456957693,246237,33,1952-10-01T00:00:00Z,2020-12-31T00:00:00Z,America/Denver
lter,LTER,niwot,Niwot,GREEN5,Green Lake 5 Outlet,Green Lake 5,stream_gauge,non-experimental,40.05367068,-105.6279131,4326,141.789609918126,137493,32,1952-10-01T00:00:00Z,2020-12-31T00:00:00Z,America/Denver
lter,LTER,niwot,Niwot,ALBION_INLET,Lake Albion Inlet,Lake Albion Inlet,stream_sampling_point,NA,40.047178,-105.607123,4326,NA,39310,30,1984-06-01T00:00:00Z,2004-11-12T00:00:00Z,America/Denver
lter,LTER,niwot,Niwot,MARTINELLI,Martinelli Basin,NA,stream_gauge,non-experimental,40.05060202,-105.595805,4326,3.93191213796224,171444,33,1952-10-01T00:00:00Z,2020-12-31T00:00:00Z,America/Denver
lter,LTER,niwot,Niwot,"NAVAJO",Navajo meadow,NA,stream_gauge,non-experimental,40.05195303,-105.6367,4326,47.3487248272921,129478,32,1952-10-01T00:00:00Z,2020-12-31T00:00:00Z,America/Denver
lter,LTER,niwot,Niwot,SADDLE_007,Saddle Stream 007,Saddle Stream 007,stream_sampling_point,NA,40.05485646,-105.5901358,4326,NA,28376,30,1994-05-18T00:00:00Z,2020-07-08T00:00:00Z,America/Denver
lter,LTER,niwot,Niwot,SADDLE,Saddle Stream,Saddle Stream,stream_gauge,non-experimental,40.04903177,-105.5923174,4326,14.1291094405266,113849,33,1952-10-01T00:00:00Z,2020-12-31T00:00:00Z,America/Denver
lter,LTER,niwot,Niwot,FLUME,Watershed Flume,NA,stream_sampling_point,NA,40.01368597,-105.5578493,4326,NA,36276,28,2005-06-17T00:00:00Z,2017-04-12T00:00:00Z,America/Denver
lter,LTER,niwot,Niwot,ROCK_GLACIER,Green Lake 5 Rock Glacier,NA,stream_sampling_point,NA,40.05213501,-105.6289841,4326,NA,50391,30,1998-07-17T00:00:00Z,2020-09-25T00:00:00Z,America/Denver
lter,LTER,santa_barbara,Santa Barbara,AB00,"Arroyo Burro, Arroyo Burro at Cliff Drive",Arroyo Burro,stream_gauge,non-experimental,34.40505027,-119.74021,4326,2306.69617608871,89141,12,2000-10-01T00:00:00Z,2018-10-01T00:00:00Z,America/Los_Angeles
lter,LTER,santa_barbara,Santa Barbara,AT07,"Atascadero Creek, Atascadero at Puente",Atascadero Creek,stream_gauge,non-experimental,34.43226,-119.78414,4326,1426.43189423311,34746,12,2000-10-01T00:00:00Z,2017-10-01T00:00:00Z,America/Los_Angeles
lter,LTER,santa_barbara,Santa Barbara,BC02,Bell Canyon Creek at Winchester Canyon Road culvert,Bell Canyon Creek,stream_gauge,non-experimental,34.43854,-119.90563,4326,1472.52789949081,63879,9,2000-10-01T00:00:00Z,2018-10-01T00:00:00Z,America/Los_Angeles
lter,LTER,santa_barbara,Santa Barbara,DV01,Devereaux Creek at Devereaux Slough inflow,Devereaux Creek,stream_gauge,non-experimental,34.41761,-119.87406,4326,832.949029374173,25628,9,2000-10-01T00:00:00Z,2017-10-01T00:00:00Z,America/Los_Angeles
lter,LTER,santa_barbara,Santa Barbara,GV01,"Gaviota, Gaviota at Hwy 101 South Rest Stop Exit","Gaviota, Gaviota",stream_gauge,non-experimental,34.4855,-120.22917,4326,4968.83903050858,76875,12,2000-10-01T00:00:00Z,2017-10-01T00:00:00Z,America/Los_Angeles
lter,LTER,santa_barbara,Santa Barbara,HO00,"Hondo, Arroyo Hondo at Upstream Side of 101 Bridge",Arroyo Burro,stream_gauge,non-experimental,34.4752858,-120.14122,4326,1113.2479728585,83766,12,2000-10-01T00:00:00Z,2018-10-01T00:00:00Z,America/Los_Angeles
lter,LTER,santa_barbara,Santa Barbara,MC00,Mission at Montecito St,Mission Creek,stream_gauge,non-experimental,34.41307303,-119.69499,4326,3063.98853687135,85612,12,2000-10-01T00:00:00Z,2018-10-01T00:00:00Z,America/Los_Angeles
lter,LTER,santa_barbara,Santa Barbara,MC06,Mission at Rocky Nook. Site established by the USGS,Mission Creek,stream_gauge,non-experimental,34.44072,-119.71244,4326,1674.73657218866,49192,11,2000-10-01T00:00:00Z,2018-06-06T00:00:00Z,America/Los_Angeles
lter,LTER,santa_barbara,Santa Barbara,ON02,San Onofre Creek at Highway 101 North culvert,San Onofre Creek,stream_gauge,non-experimental,34.472,-120.28885,4326,400.720049158155,31979,12,2000-10-01T00:00:00Z,2017-10-01T00:00:00Z,America/Los_Angeles
lter,LTER,santa_barbara,Santa Barbara,RG01,Refugio at Hwy 101 Bridge,Refugio Creek,stream_gauge,non-experimental,34.46573164,-120.06932,4326,2073.25062797693,85052,12,2000-10-01T00:00:00Z,2018-10-01T00:00:00Z,America/Los_Angeles
lter,LTER,santa_barbara,Santa Barbara,RS02,Rattlesnake at Las Canoas Bridge,Rattlesnake Creek,stream_gauge,non-experimental,34.45761111,-119.69222,4326,553.467770019802,84387,12,2000-10-01T00:00:00Z,2018-10-01T00:00:00Z,America/Los_Angeles
lter,LTER,santa_barbara,Santa Barbara,SP02,"San Pedro Creek at Stow Canyon Park, Goleta",San Pedro Creek,stream_gauge,non-experimental,34.44861,-119.84028,4326,800.116093022651,20764,8,2000-10-01T00:00:00Z,2017-10-01T00:00:00Z,America/Los_Angeles
lter,LTER,santa_barbara,Santa Barbara,FK00,"Franklin Creek, Carpinteria Ave",Franklin Creek,stream_gauge,non-experimental,34.40164787,-119.52145,4326,224.023219013868,8621,2,2000-10-01T00:00:00Z,2017-10-01T00:00:00Z,America/Los_Angeles
lter,LTER,santa_barbara,Santa Barbara,TE03,"Tecolotito Creek, Hollister Road",Tecolotito Creek,stream_gauge,non-experimental,34.43055,-119.85762,4326,113.983542440197,7175,2,2000-10-01T00:00:00Z,2017-10-01T00:00:00Z,America/Los_Angeles
lter,LTER,santa_barbara,Santa Barbara,SM04,Santa Monica at Scoop,Santa Monica Creek,stream_gauge,non-experimental,34.41898512,-119.52701,4326,929.366251059405,6860,2,2000-10-01T00:00:00Z,2017-10-01T00:00:00Z,America/Los_Angeles
lter,LTER,santa_barbara,Santa Barbara,CP00,"Carpinteria Creek, 8th St Foot Bridge",Carpinteria Creek,stream_gauge,non-experimental,34.3935,-119.5124,4326,3872.08888446119,8014,2,2000-10-01T00:00:00Z,2017-10-01T00:00:00Z,America/Los_Angeles
lter,LTER,santa_barbara,Santa Barbara,TO02,"Tecolote Creek, at Vereda Galeria, Goleta",Tecolote Creek,stream_sampling_point,NA,34.440614,-119.917915,4326,NA,7290,6,2004-10-14T00:00:00Z,2008-02-10T00:00:00Z,America/Los_Angeles
lter,LTER,santa_barbara,Santa Barbara,SM01,"Santa Monica Creek, Via Real",Santa Monica Creek,stream_gauge,non-experimental,34.40479765,-119.52869,4326,959.922348458924,7663,2,2000-10-01T00:00:00Z,2017-10-01T00:00:00Z,America/Los_Angeles
lter,LTER,santa_barbara,Santa Barbara,RN01,"Rincon Creek, Hwy 101 Culvert, North",Rincon Creek,stream_gauge,non-experimental,34.3773,-119.47794,4326,3812.79420276479,7672,2,2000-10-01T00:00:00Z,2017-10-01T00:00:00Z,America/Los_Angeles
lter,LTER,bonanza,Bonanza Creek,C2,NA,NA,stream_gauge,non-experimental,65.159188,-147.607454,4326,357.882979712389,271016,22,1969-06-17T00:00:00Z,2018-08-22T00:00:00Z,America/Anchorage
lter,LTER,bonanza,Bonanza Creek,C3,NA,NA,stream_gauge,non-experimental,65.144853,-147.574368,4326,480.604124855774,272176,22,1969-05-20T00:00:00Z,2018-08-22T00:00:00Z,America/Anchorage
lter,LTER,bonanza,Bonanza Creek,CB,NA,NA,stream_sampling_point,NA,65.15,-147.56,4326,NA,94853,17,2002-05-21T00:00:00Z,2018-06-19T00:00:00Z,America/Anchorage
lter,LTER,bonanza,Bonanza Creek,C4,Little Poker Creek,NA,stream_gauge,non-experimental,65.162726,-147.50057,4326,929.930179454794,268878,22,1980-05-22T00:00:00Z,2018-08-22T00:00:00Z,America/Anchorage
lter,LTER,bonanza,Bonanza Creek,P6,NA,NA,stream_sampling_point,NA,65.184791,-147.388939,4326,NA,101169,17,1994-08-11T00:00:00Z,2018-08-14T00:00:00Z,America/Anchorage
lter,LTER,bonanza,Bonanza Creek,PJ,NA,Poker Creek,stream_sampling_point,NA,65.15154566,-147.4841681,4326,NA,96036,17,2002-05-14T00:00:00Z,2018-08-28T00:00:00Z,America/Anchorage
lter,LTER,bonanza,Bonanza Creek,CJ,NA,Caribou Creek,stream_sampling_point,NA,65.15147902,-147.4856181,4326,NA,96036,17,2002-05-14T00:00:00Z,2018-08-28T00:00:00Z,America/Anchorage
lter,LTER,bonanza,Bonanza Creek,PC,NA,NA,stream_sampling_point,NA,65.1510123,-147.482385,4326,NA,95805,17,2002-05-28T00:00:00Z,2018-08-28T00:00:00Z,America/Anchorage
lter,LTER,bonanza,Bonanza Creek,boston_creek,NA,NA,stream_sampling_point,NA,65.23,-147.12,4326,NA,5861,16,2005-06-03T00:00:00Z,2006-06-23T00:00:00Z,America/Anchorage
lter,LTER,mcmurdo,McMurdo Dry Valleys,bohner_b5,Bohner B5,Bohner Stream,stream_gauge,non-experimental,-77.696302,162.558285,4326,105.085426998562,3135,5,2011-11-29T00:00:00Z,2020-01-20T00:00:00Z,Antarctica/McMurdo
lter,LTER,mcmurdo,McMurdo Dry Valleys,adams_weir,Adams Stream at Weir,Adams Stream,stream_gauge,non-experimental,-78.1316680908203,163.75,4326,9.87685015353471,17321,13,2010-01-19T00:00:00Z,2014-01-30T00:00:00Z,Antarctica/McMurdo
lter,LTER,mcmurdo,McMurdo Dry Valleys,aiken_f5,Aiken Creek at F5,Aiken Creek,stream_gauge,non-experimental,-77.602516,163.2719421,4326,NA,110711,18,1990-11-28T00:00:00Z,2020-12-31T00:00:00Z,Antarctica/McMurdo
lter,LTER,mcmurdo,McMurdo Dry Valleys,canada_f1,Canada Stream at F1,Canada Stream,stream_gauge,non-experimental,-77.613655,163.0547333,4326,NA,105063,18,1990-11-19T00:00:00Z,2020-12-31T00:00:00Z,Antarctica/McMurdo
lter,LTER,mcmurdo,McMurdo Dry Valleys,common_c1,Commonwealth Stream at C1,Commonwealth Stream,stream_gauge,non-experimental,-77.563332,163.3808289,4326,NA,104470,18,1993-12-03T00:00:00Z,2020-12-31T00:00:00Z,Antarctica/McMurdo
lter,LTER,mcmurdo,McMurdo Dry Valleys,crescent_f8,Crescent Stream at F8,Crescent Stream,stream_gauge,non-experimental,-77.619064,163.1844635,4326,NA,109359,18,1990-11-29T00:00:00Z,2020-12-31T00:00:00Z,Antarctica/McMurdo
lter,LTER,mcmurdo,McMurdo Dry Valleys,delta_f10,Delta Stream at F10,Delta Stream,stream_gauge,non-experimental,-77.624619,163.1084442,4326,NA,111118,18,1990-11-25T00:00:00Z,2020-12-31T00:00:00Z,Antarctica/McMurdo
lter,LTER,mcmurdo,McMurdo Dry Valleys,green_f9,Green Creek at F9,Green Creek,stream_gauge,non-experimental,-77.624099731445,163.059753417969,4326,NA,105673,18,1990-11-23T00:00:00Z,2020-12-31T00:00:00Z,Antarctica/McMurdo
lter,LTER,mcmurdo,McMurdo Dry Valleys,harnish_f11,Harnish Creek at F11,Harnish Creek,stream_gauge,non-experimental,-77.621246337891,163.269515991211,4326,NA,85240,17,1996-12-25T00:00:00Z,2020-01-25T00:00:00Z,Antarctica/McMurdo
lter,LTER,mcmurdo,McMurdo Dry Valleys,harnish_f7,Harnish Creek at F7,Harnish Creek,stream_gauge,non-experimental,-77.608329772949,163.232772827148,4326,NA,94268,18,1995-12-28T00:00:00Z,2020-12-31T00:00:00Z,Antarctica/McMurdo
lter,LTER,mcmurdo,McMurdo Dry Valleys,lostseal_f3,Lost Seal Stream at F3,Lost Seal Stream,stream_gauge,non-experimental,-77.595268,163.2444,4326,NA,110446,18,1990-11-27T00:00:00Z,2020-12-31T00:00:00Z,Antarctica/McMurdo
lter,LTER,mcmurdo,McMurdo Dry Valleys,onyx_vnda,Onyx River at Lake Vanda,Onyx River,stream_gauge,non-experimental,-77.52343,161.6966248,4326,NA,98496,18,1994-12-30T00:00:00Z,2020-12-31T00:00:00Z,Antarctica/McMurdo
lter,LTER,mcmurdo,McMurdo Dry Valleys,onyx_lwright,Onyx River at Lower Wright,Onyx River,stream_gauge,non-experimental,-77.444534,162.6535339,4326,NA,95598,18,1994-12-29T00:00:00Z,2020-12-31T00:00:00Z,Antarctica/McMurdo
lter,LTER,mcmurdo,McMurdo Dry Valleys,vguerard_f6,Von Guerard Stream at F6,Von Guerard Stream,stream_gauge,non-experimental,-77.608200073242,163.253997802734,4326,NA,237727,18,1990-11-28T00:00:00Z,2020-01-10T00:00:00Z,Antarctica/McMurdo
lter,LTER,mcmurdo,McMurdo Dry Valleys,house_h2,House Stream at H2,House Stream,stream_gauge,non-experimental,-77.6429824829102,162.741317749023,4326,NA,102212,17,1993-12-02T00:00:00Z,2020-12-31T00:00:00Z,Antarctica/McMurdo
lter,LTER,mcmurdo,McMurdo Dry Valleys,huey_f2,Huey Creek at F2,Huey Creek,stream_gauge,non-experimental,-77.6048965454102,163.127410888672,4326,NA,204207,17,1990-11-25T00:00:00Z,2020-01-23T00:00:00Z,Antarctica/McMurdo
lter,LTER,mcmurdo,McMurdo Dry Valleys,santafe_b2,Santa Fe Stream at B2,Santa Fe Stream,stream_gauge,non-experimental,-77.7230529785156,162.266662597656,4326,NA,109665,18,1993-12-03T00:00:00Z,2020-02-19T00:00:00Z,Antarctica/McMurdo
lter,LTER,mcmurdo,McMurdo Dry Valleys,priscu_b1,Priscu Stream at B1,Priscu Stream,stream_gauge,non-experimental,-77.6999969482422,162.534729003906,4326,NA,99438,18,1993-12-15T00:00:00Z,2020-12-31T00:00:00Z,Antarctica/McMurdo
lter,LTER,mcmurdo,McMurdo Dry Valleys,lawson_b3,Lawson Creek at B3,Lawson Creek,stream_gauge,non-experimental,-77.7227783203125,162.268051147461,4326,NA,216137,18,1993-12-03T00:00:00Z,2020-01-20T00:00:00Z,Antarctica/McMurdo
lter,LTER,mcmurdo,McMurdo Dry Valleys,andrsn_h1,Andersen Creek at H1,Andersen Creek,stream_sampling_point,NA,-77.622772,162.906357,4326,NA,241957,18,1993-11-20T00:00:00Z,2020-01-18T00:00:00Z,Antarctica/McMurdo
lter,LTER,mcmurdo,McMurdo Dry Valleys,andrws_mouth,Andrews Creek at mouth,Andrews Creek,stream_sampling_point,NA,-77.620834,163.044449,4326,NA,61050,14,1993-12-12T00:00:00Z,2008-01-15T00:00:00Z,Antarctica/McMurdo
lter,LTER,mcmurdo,McMurdo Dry Valleys,bartlt_mouth,Bartlette Creek at mouth,Bartlette Creek,stream_sampling_point,NA,-77.720833,162.416672,4326,NA,77294,15,1994-01-05T00:00:00Z,2009-12-17T00:00:00Z,Antarctica/McMurdo
lter,LTER,mcmurdo,McMurdo Dry Valleys,bohnr_lower,Bohner stream at lower site,Bohner Stream,stream_sampling_point,NA,-77.697334,162.56192,4326,NA,27359,13,1994-01-21T00:00:00Z,2013-12-16T00:00:00Z,Antarctica/McMurdo
lter,LTER,mcmurdo,McMurdo Dry Valleys,bohnr_mouth,Bohner Stream at mouth,Bohner Stream,stream_sampling_point,NA,-77.69722,162.541672,4326,NA,69063,14,1998-12-22T00:00:00Z,2014-01-29T00:00:00Z,Antarctica/McMurdo
lter,LTER,mcmurdo,McMurdo Dry Valleys,lyons_b4,Lyons Creek at B4,Lyons Creek,stream_sampling_point,NA,-77.727776,162.274994,4326,NA,107273,15,1993-12-03T00:00:00Z,2014-01-29T00:00:00Z,Antarctica/McMurdo
lter,LTER,mcmurdo,McMurdo Dry Valleys,mariah_mouth,Mariah Creek at mouth,Mariah Creek,stream_sampling_point,NA,-77.623611,163.047226,4326,NA,107786,15,1990-11-23T00:00:00Z,2014-01-24T00:00:00Z,Antarctica/McMurdo
lter,LTER,mcmurdo,McMurdo Dry Valleys,mason_mouth,Mason Creek at Mouth,Mason Creek,stream_sampling_point,NA,-77.729164,162.274994,4326,NA,61249,14,1995-01-07T00:00:00Z,2008-01-04T00:00:00Z,Antarctica/McMurdo
lter,LTER,mcmurdo,McMurdo Dry Valleys,mckay_mouth,McKay Creek at mouth,McKay Creek,stream_sampling_point,NA,-77.644722,162.747223,4326,NA,90143,15,1994-01-11T00:00:00Z,2013-01-11T00:00:00Z,Antarctica/McMurdo
lter,LTER,mcmurdo,McMurdo Dry Valleys,mcknight_mouth,McKnight Creek at mouth,McKnight Creek,stream_sampling_point,NA,-77.599724,163.264725,4326,NA,104160,15,1990-11-28T00:00:00Z,2014-01-20T00:00:00Z,Antarctica/McMurdo
lter,LTER,mcmurdo,McMurdo Dry Valleys,red_bfalls,Red River at Blood Falls,Red River,stream_sampling_point,NA,-77.723335,162.268051,4326,NA,105328,15,1993-12-03T00:00:00Z,2014-01-06T00:00:00Z,Antarctica/McMurdo
lter,LTER,mcmurdo,McMurdo Dry Valleys,sharp_mouth,Sharp Creek at mouth,Sharp Creek,stream_sampling_point,NA,-77.722221,162.247223,4326,NA,98131,15,1994-01-05T00:00:00Z,2014-01-29T00:00:00Z,Antarctica/McMurdo
lter,LTER,mcmurdo,McMurdo Dry Valleys,vincent_mouth,Vincent Creek at mouth,Vincent Creek,stream_sampling_point,NA,-77.720276,162.425003,4326,NA,70405,14,1994-12-28T00:00:00Z,2009-12-17T00:00:00Z,Antarctica/McMurdo
lter,LTER,mcmurdo,McMurdo Dry Valleys,vguerard_upper,Von Guerard stream at upper site,Von Guerard Stream,stream_sampling_point,NA,-77.634384,163.306305,4326,NA,90765,15,1994-01-10T00:00:00Z,2014-01-19T00:00:00Z,Antarctica/McMurdo
lter,LTER,mcmurdo,McMurdo Dry Valleys,wharton_mouth,Wharton Creek at mouth,Wharton Creek,stream_sampling_point,NA,-77.645836,162.747223,4326,NA,94184,14,1994-01-11T00:00:00Z,2013-01-11T00:00:00Z,Antarctica/McMurdo
lter,LTER,mcmurdo,McMurdo Dry Valleys,bowles_mouth,Bowles Creek at mouth,Bowles Creek,stream_sampling_point,NA,-77.622223,163.050003,4326,NA,102844,15,1990-11-20T00:00:00Z,2014-01-24T00:00:00Z,Antarctica/McMurdo
lter,LTER,mcmurdo,McMurdo Dry Valleys,lyons_trib,Lyons tributary at confluence,Lyons Creek Tributary,stream_sampling_point,NA,-77.720001,162.270004,4326,NA,15102,12,2010-01-28T00:00:00Z,2014-01-29T00:00:00Z,Antarctica/McMurdo
lter,LTER,mcmurdo,McMurdo Dry Valleys,garwood_flats,Garwood River at flats,Garwood River,stream_sampling_point,NA,-78.020836,164.016663,4326,NA,231,11,2009-12-31T00:00:00Z,2010-01-20T00:00:00Z,Antarctica/McMurdo
lter,LTER,mcmurdo,McMurdo Dry Valleys,garwood_blwconf,Garwood River below confluence,Garwood River,stream_sampling_point,NA,-78.019447,164.066666,4326,NA,231,11,2009-12-31T00:00:00Z,2010-01-20T00:00:00Z,Antarctica/McMurdo
lter,LTER,plum,Plum Island Ecosystem,fish_brook,"Fish Brook, Boxford, MA",Fish Brook,stream_sampling_point,NA,42.65831,-71.004821,4326,NA,4986,10,2001-06-22T00:00:00Z,2002-12-04T00:00:00Z,America/New_York
lter,LTER,plum,Plum Island Ecosystem,cart_creek,"Cart Creek (forest landuse), Newbury, MA",Cart Creek,stream_gauge,non-experimental,42.7692,-70.9165,4326,473.053851307414,172123,24,2000-03-27T00:00:00Z,2020-01-01T00:00:00Z,America/New_York
lter,LTER,plum,Plum Island Ecosystem,saw_mill_brook,"Saw Mill Brook (urban landuse), Burlington, MA",Saw Mill Brook,stream_gauge,non-experimental,42.523601531982,-71.184997558594,4326,343.288528686919,164160,25,2000-03-27T00:00:00Z,2020-01-01T00:00:00Z,America/New_York
lter,LTER,plum,Plum Island Ecosystem,bear_meadow,"Cedar Swamp (wetland landuse), Bear Meadow Brook, Reading, MA",Bear Meadow Brook,stream_gauge,non-experimental,42.5495,-71.0909,4326,318.761014122161,90155,21,2000-03-27T00:00:00Z,2020-01-01T00:00:00Z,America/New_York
lter,LTER,plum,Plum Island Ecosystem,upper_ipswich,Ipswich River at N. Reading site,Ispwich River,stream_gauge,non-experimental,42.5625662,-71.1093305,4326,4576.27649598253,15270,12,2000-03-27T00:00:00Z,2020-01-01T00:00:00Z,America/New_York
lter,LTER,plum,Plum Island Ecosystem,ipswich_dam,Ipswich River Sylvania Dam,Ispwich River,stream_sampling_point,NA,42.677543640137,-70.837684631348,4326,NA,149431,24,1993-09-21T00:00:00Z,2019-07-29T00:00:00Z,America/New_York
lter,LTER,plum,Plum Island Ecosystem,parker_dam,Parker River Central St Dam,Parker River,stream_sampling_point,NA,42.750007629395,-70.929214477539,4326,NA,148737,22,1993-06-19T00:00:00Z,2019-07-29T00:00:00Z,America/New_York
lter,LTER,plum,Plum Island Ecosystem,mill_river,"Mill River, Newbury, MA",Mill River,stream_sampling_point,NA,42.739360809326,-70.900192260742,4326,NA,11,11,1999-02-25T00:00:00Z,1999-02-25T00:00:00Z,America/New_York
lter,LTER,plum,Plum Island Ecosystem,egypt_river,"Egypt River, Rt 133, Ipswich, MA",Egypt River,stream_sampling_point,NA,42.698162078857,-70.868286132812,4326,NA,81968,12,1999-02-25T00:00:00Z,2017-12-09T00:00:00Z,America/New_York
lter,LTER,plum,Plum Island Ecosystem,little_river,"Little River, Newbury, MA",Little River,stream_sampling_point,NA,42.800399780273,-70.883277893066,4326,NA,11,11,1999-02-25T00:00:00Z,1999-02-25T00:00:00Z,America/New_York
lter,LTER,arctic,Arctic,Dimple_Inlet_Main,"Dimple Inlet: Birthday Creek, North Slope of Alaska, Anaktuvuk River Fire Impacted Site",Birthday Creek,stream_sampling_point,NA,68.9505,-150.198,4326,NA,10101,20,2008-05-24T00:00:00Z,2010-08-17T00:00:00Z,America/Anchorage
lter,LTER,arctic,Arctic,Dimple_Outlet_Main,"Dimple Outlet: Birthday Creek, North Slope of Alaska, Anaktuvuk River Fire Impacted Site",Birthday Creek,stream_sampling_point,NA,68.9574,-150.2,4326,NA,8944,19,2008-05-26T00:00:00Z,2010-08-18T00:00:00Z,America/Anchorage
lter,LTER,arctic,Arctic,I-Minus_2_IMP,"I Minus 2 IMP: North Slope of Alaska, Thermokarst Impacted Stream",NA,stream_sampling_point,NA,68.5483,-149.522,4326,NA,73492,35,2007-07-25T00:00:00Z,2015-07-27T00:00:00Z,America/Anchorage
lter,LTER,arctic,Arctic,I-Minus_2_REF,"I Minus 2 REF: North Slope of Alaska, Thermokarst Reference Stream",NA,stream_sampling_point,NA,68.548,-149.521,4326,NA,72404,35,2007-07-25T00:00:00Z,2015-07-27T00:00:00Z,America/Anchorage
lter,LTER,arctic,Arctic,I-Minus_2_TK_High,"I Minus 2 TK High: North Slope of Alaska, Thermokarst Watertrack",NA,stream_sampling_point,NA,68.5443,-149.522,4326,NA,66041,35,2007-08-06T00:00:00Z,2015-06-17T00:00:00Z,America/Anchorage
lter,LTER,arctic,Arctic,I-Minus_2_TK_Low,"I Minus 2 TK Low: North Slope of Alaska, Thermokarst Watertrack",NA,stream_sampling_point,NA,68.5479,-149.522,4326,NA,71672,35,2007-07-25T00:00:00Z,2015-07-27T00:00:00Z,America/Anchorage
lter,LTER,arctic,Arctic,Imnavait_Creek_A,"Imnavait Creek A: Imnavait Creek, North Slope of Alaska",Imnavait Creek,stream_sampling_point,NA,68.6166,-149.318,4326,NA,71022,20,1999-07-09T00:00:00Z,2016-07-30T00:00:00Z,America/Anchorage
lter,LTER,arctic,Arctic,Imnavait_Creek_AA,"Imnavait Creek AA: Imnavait Creek, North Slope of Alaska",Imnavait Creek,stream_sampling_point,NA,68.6177,-149.318,4326,NA,54983,20,2007-06-23T00:00:00Z,2016-07-30T00:00:00Z,America/Anchorage
lter,LTER,arctic,Arctic,Imnavait_Creek_B,"Imnavait Creek B: Imnavait Creek, North Slope of Alaska",Imnavait Creek,stream_sampling_point,NA,68.6206,-149.319,4326,NA,75058,20,1999-07-09T00:00:00Z,2016-07-30T00:00:00Z,America/Anchorage
lter,LTER,arctic,Arctic,Imnavait_Creek_C,"Imnavait Creek C: Imnavait Creek, North Slope of Alaska",Imnavait Creek,stream_sampling_point,NA,68.6229,-149.321,4326,NA,71806,20,1999-07-09T00:00:00Z,2016-07-30T00:00:00Z,America/Anchorage
lter,LTER,arctic,Arctic,Imnavait_Creek_D,"Imnavait Creek D: Imnavait Creek, North Slope of Alaska",Imnavait Creek,stream_sampling_point,NA,68.6253,-149.325,4326,NA,72916,20,1999-07-09T00:00:00Z,2016-07-30T00:00:00Z,America/Anchorage
lter,LTER,arctic,Arctic,Imnavait_Creek_E,"Imnavait Creek E: Imnavait Creek, North Slope of Alaska",Imnavait Creek,stream_sampling_point,NA,68.642,-149.343,4326,NA,75058,20,1999-07-09T00:00:00Z,2016-07-30T00:00:00Z,America/Anchorage
lter,LTER,arctic,Arctic,Kuparuk_River_-0.1,NA,Kuparuk River,stream_sampling_point,NA,68.639236,-149.393711,4326,11489.0998682844,139013,20,1978-05-21T00:00:00Z,2019-09-20T00:00:00Z,America/Anchorage
lter,LTER,arctic,Arctic,Kuparuk_River_-0.177,"Kuparuk -0.177k: Kuparuk River, North Slope of Alaska, reference reach, upstream of the fertilized reach",Kuparuk River,stream_sampling_point,NA,68.6381,-149.392,4326,11236.8457673259,256754,37,1978-05-21T00:00:00Z,2019-09-12T00:00:00Z,America/Anchorage
lter,LTER,arctic,Arctic,Kuparuk_River_-0.3,"Kuparuk -0.3k: Kuparuk River, North Slope of Alaska, reference reach, upstream of the fertilized reach",Kuparuk River,stream_sampling_point,NA,68.6384,-149.389,4326,11213.8358654422,394960,46,1978-05-20T00:00:00Z,2019-09-12T00:00:00Z,America/Anchorage
lter,LTER,arctic,Arctic,Kuparuk_River_-0.47,"Kuparuk -0.47k: Kuparuk River, North Slope of Alaska, reference reach, upstream of the fertilized reach",Kuparuk River,stream_sampling_point,NA,68.6374,-149.387,4326,11145.0026651847,95547,43,1978-05-21T00:00:00Z,2019-09-12T00:00:00Z,America/Anchorage
lter,LTER,arctic,Arctic,Kuparuk_River_-0.7,"Kuparuk -0.7k: Kuparuk River, North Slope of Alaska, reference reach, upstream of the fertilized reach",Kuparuk River,stream_sampling_point,NA,68.6369,-149.384,4326,11103.6837918957,51922,21,1978-05-21T00:00:00Z,2019-09-12T00:00:00Z,America/Anchorage
lter,LTER,arctic,Arctic,Kuparuk_River_0,Kuparuk 0.0k: Kuparuk 0.0k,Kuparuk River,stream_sampling_point,NA,68.6393,-149.3936,4326,11489.0998682698,148191,21,1978-05-21T00:00:00Z,2019-09-12T00:00:00Z,America/Anchorage
lter,LTER,arctic,Arctic,Kuparuk_River_0.3,"Kuparuk 0.3k: Kuparuk River, North Slope of Alaska, re-fertilized reach, formerly the recovery reach after historic fertilization",Kuparuk River,stream_sampling_point,NA,68.6407,-149.401,4326,4.73610791733889,239525,39,1978-05-21T00:00:00Z,2019-09-12T00:00:00Z,America/Anchorage
lter,LTER,arctic,Arctic,Kuparuk_River_0.56,"Kuparuk 0.56k: Kuparuk River, North Slope of Alaska, re-fertilized reach, formerly the recovery reach after historic fertilization",Kuparuk River,stream_gauge,NA,68.6415,-149.4012,4326,11402.6918155918,396068,43,1978-05-21T00:00:00Z,2019-09-12T00:00:00Z,America/Anchorage
lter,LTER,arctic,Arctic,Kuparuk_River_0.74,"Kuparuk 0.74k: Kuparuk River, North Slope of Alaska, re-fertilized reach, formerly the recovery reach after historic fertilization",Kuparuk River,stream_sampling_point,NA,68.644001,-149.402332,4326,0.297294936714726,258715,30,1978-05-21T00:00:00Z,2019-09-12T00:00:00Z,America/Anchorage
lter,LTER,arctic,Arctic,Kuparuk_River_1,"Kuparuk 1.0k: Kuparuk River, North Slope of Alaska, re-fertilized reach, formerly the recovery reach after historic fertilization",Kuparuk River,stream_sampling_point,NA,68.6447,-149.405,4326,4.14693533722282,326677,52,1978-05-21T00:00:00Z,2019-09-12T00:00:00Z,America/Anchorage
lter,LTER,arctic,Arctic,Kuparuk_River_1.39,"Kuparuk 1.39k: Kuparuk River, North Slope of Alaska, re-fertilized reach, formerly the recovery reach after historic fertilization",Kuparuk River,stream_sampling_point,NA,68.6463,-149.41,4326,2.37076005144074,270689,29,1978-05-21T00:00:00Z,2019-09-12T00:00:00Z,America/Anchorage
lter,LTER,arctic,Arctic,Kuparuk_River_1.5,NA,Kuparuk River,stream_sampling_point,NA,68.64756,-149.411706,4326,13984.0236982748,135712,21,1978-05-21T00:00:00Z,2019-09-12T00:00:00Z,America/Anchorage
lter,LTER,arctic,Arctic,Kuparuk_River_1.8,"Kuparuk 1.8k: Kuparuk River, North Slope of Alaska, fertilized reach",Kuparuk River,stream_sampling_point,NA,68.6478,-149.416,4326,0.593503814281288,243785,23,1978-05-21T00:00:00Z,2019-09-12T00:00:00Z,America/Anchorage
lter,LTER,arctic,Arctic,Kuparuk_River_2,"Kuparuk 2.0k: Kuparuk River, North Slope of Alaska, fertilized reach",Kuparuk River,stream_sampling_point,NA,68.6495,-149.416,4326,14053.3772572348,467016,58,1978-05-21T00:00:00Z,2019-09-12T00:00:00Z,America/Anchorage
lter,LTER,arctic,Arctic,Kuparuk_River_2.5,"Kuparuk 2.5k: Kuparuk River, North Slope of Alaska, fertilized reach",Kuparuk River,stream_sampling_point,NA,68.6523,-149.415,4326,14002.9086737685,250523,42,1978-05-21T00:00:00Z,2019-09-12T00:00:00Z,America/Anchorage
lter,LTER,arctic,Arctic,Kuparuk_River_3,"Kuparuk 3.0k: Kuparuk River, North Slope of Alaska, fertilized reach",Kuparuk River,stream_sampling_point,NA,68.6537,-149.421,4326,4.73393226656949,297620,29,1978-05-21T00:00:00Z,2019-09-12T00:00:00Z,America/Anchorage
lter,LTER,arctic,Arctic,Kuparuk_River_4,"Kuparuk 4.0k: Kuparuk River, North Slope of Alaska, fertilized reach",Kuparuk River,stream_sampling_point,NA,68.6588,-149.424,4326,14081.4153436903,216879,29,1978-05-21T00:00:00Z,2019-09-12T00:00:00Z,America/Anchorage
lter,LTER,arctic,Arctic,Kuparuk_River_4.1,NA,Kuparuk River,stream_sampling_point,NA,68.659528,-149.425365,4326,14100.5985353871,75604,21,1978-05-21T00:00:00Z,2019-09-12T00:00:00Z,America/Anchorage
lter,LTER,arctic,Arctic,North_River_Main,"North River Main: North River, North Slope of Alaska, Anaktuvuk River Fire Impacted Site",North River,stream_sampling_point,NA,69.0553,-150.399,4326,NA,42972,31,2008-07-09T00:00:00Z,2015-07-13T00:00:00Z,America/Anchorage
lter,LTER,arctic,Arctic,Oksrukuyik_Creek_-0.1,Oksrukuyik -0.1k: Oksrukuyik -0.1k,Oksrukuyik Creek,stream_sampling_point,NA,68.6715,-149.128,4326,6968.57673719943,291053,29,1988-06-01T00:00:00Z,2019-09-11T00:00:00Z,America/Anchorage
lter,LTER,arctic,Arctic,Oksrukuyik_Creek_-0.3,"Oksrukuyik -0.3k: Oksrukuyik Creek, North Slope of Alaska, reference reach, upstream of the formerly fertilized reach",Oksrukuyik Creek,stream_sampling_point,NA,68.6714,-149.131,4326,6814.01450433696,249590,23,1988-06-01T00:00:00Z,2019-09-11T00:00:00Z,America/Anchorage
lter,LTER,arctic,Arctic,Oksrukuyik_Creek_-0.7,"Oksrukuyik -0.7k: Oksrukuyik Creek, North Slope of Alaska, reference reach, upstream of the formerly fertilized reach",Oksrukuyik Creek,stream_sampling_point,NA,68.671,-149.138,4326,6737.01468380317,376989,29,1988-06-01T00:00:00Z,2019-09-11T00:00:00Z,America/Anchorage
lter,LTER,arctic,Arctic,Oksrukuyik_Creek_-1.2,"Oksrukuyik -1.2k: Oksrukuyik Creek, North Slope of Alaska, reference reach, upstream of the formerly fertilized reach",Oksrukuyik Creek,stream_sampling_point,NA,68.6693,-149.146,4326,5714.30918594433,24496,27,1988-06-01T00:00:00Z,2019-09-11T00:00:00Z,America/Anchorage
lter,LTER,arctic,Arctic,Oksrukuyik_Creek_0.23,NA,Oksrukuyik Creek,stream_sampling_point,NA,68.674104,-149.122683,4326,7382.15624881577,63444,18,1988-06-01T00:00:00Z,2019-09-11T00:00:00Z,America/Anchorage
lter,LTER,arctic,Arctic,Oksrukuyik_Creek_0.48,NA,Oksrukuyik Creek,stream_sampling_point,NA,68.674851,-149.122057,4326,7383.63130126543,52818,18,1988-06-01T00:00:00Z,2019-09-11T00:00:00Z,America/Anchorage
lter,LTER,arctic,Arctic,Oksrukuyik_Creek_1.06,NA,Oksrukuyik Creek,stream_sampling_point,NA,68.6782,-149.117129,4326,7482.73851861722,75952,24,1988-06-01T00:00:00Z,2019-09-11T00:00:00Z,America/Anchorage
lter,LTER,arctic,Arctic,Oksrukuyik_Creek_1.37,"Oksrukuyik 1.37k: Oksrukuyik Creek, North Slope of Alaska, recovery reach, formerly fertilized reach",Oksrukuyik Creek,stream_sampling_point,NA,68.6798,-149.114,4326,7523.4411599076,53094,22,1988-06-01T00:00:00Z,2019-09-11T00:00:00Z,America/Anchorage
lter,LTER,arctic,Arctic,Oksrukuyik_Creek_1.7,NA,Oksrukuyik Creek,stream_sampling_point,NA,68.682117,-149.112195,4326,7551.46166184924,58884,18,1988-06-01T00:00:00Z,2019-09-11T00:00:00Z,America/Anchorage
lter,LTER,arctic,Arctic,Oksrukuyik_Creek_2.5,NA,Oksrukuyik Creek,stream_sampling_point,NA,68.685997009277,-149.098999023438,4326,8229.725620643,56241,18,1988-06-01T00:00:00Z,2019-09-11T00:00:00Z,America/Anchorage
lter,LTER,arctic,Arctic,Oksrukuyik_Creek_2.7,"Oksrukuyik 2.7k: Oksrukuyik Creek, North Slope of Alaska, recovery reach, formerly fertilized reach",Oksrukuyik Creek,stream_gauge,NA,68.686,-149.099,4326,8229.7256205744,46799,13,1988-06-01T00:00:00Z,2019-10-01T00:00:00Z,America/Anchorage
lter,LTER,arctic,Arctic,Roche_Moutonnee_Creek_Main,"Roche Moutonnee Creek Main: Roche Moutonnee Creek, Brooks Range, Alaska, upstream of Dalton Highway crossing",Roche Moutonnee Creek,stream_gauge,NA,68.3737,-149.309,4326,8438.00922478758,28974,16,1988-06-01T00:00:00Z,2018-12-31T00:00:00Z,America/Anchorage
lter,LTER,arctic,Arctic,South_River_Main,"South River Main: South River, North Slope of Alaska, Anaktuvuk River Fire and Thermokarst Impacted Site",South River,stream_sampling_point,NA,68.9975,-150.308,4326,NA,53665,32,2008-05-26T00:00:00Z,2015-07-13T00:00:00Z,America/Anchorage
lter,LTER,arctic,Arctic,Toolik_Inlet_Main,"Toolik Inlet Main: Toolik Inlet, North Slope of Alaska, about 50 meters upstream of foot bridge",Toolik River,stream_gauge,NA,68.6256,-149.595,4326,4440.73261810751,77732,11,1988-06-01T00:00:00Z,2018-12-31T00:00:00Z,America/Anchorage
lter,LTER,arctic,Arctic,Toolik_River_IMP,"Toolik River IMP: North Slope of Alaska, Thermokarst Impacted Stream",Toolik River,stream_sampling_point,NA,68.6955,-149.208,4326,NA,72126,35,2007-07-18T00:00:00Z,2015-08-08T00:00:00Z,America/Anchorage
lter,LTER,arctic,Arctic,Toolik_River_REF,"Toolik River REF: North Slope of Alaska, Thermokarst Reference Stream",Toolik River,stream_sampling_point,NA,68.6957,-149.205,4326,NA,72627,35,2007-07-18T00:00:00Z,2015-08-08T00:00:00Z,America/Anchorage
lter,LTER,arctic,Arctic,Toolik_River_TK_Above,Toolik River TK Above: Toolik River TK Above,Toolik River,stream_sampling_point,NA,68.6907,-149.208,4326,NA,73511,33,2004-08-04T00:00:00Z,2015-08-08T00:00:00Z,America/Anchorage
lter,LTER,arctic,Arctic,Toolik_River_TK_Low,Toolik River TK Low: Toolik River TK Low,Toolik River,stream_sampling_point,NA,68.6938,-149.204,4326,NA,78139,35,2004-08-04T00:00:00Z,2015-08-08T00:00:00Z,America/Anchorage
lter,LTER,arctic,Arctic,Toolik_River_TK_Mid,Toolik River TK Mid: Toolik River TK Mid,Toolik River,stream_sampling_point,NA,68.6922,-149.207,4326,NA,74663,35,2004-08-04T00:00:00Z,2015-08-08T00:00:00Z,America/Anchorage
lter,LTER,arctic,Arctic,Trevor_Creek_Main,"Trevor Creek Main: Trevor Creek, Brooks Range, Alaska, upstream of Dalton Highway crossing",Trevor Creek,stream_gauge,NA,68.2824995,-149.3700461,4326,4280.21886690807,52286,16,1988-06-01T00:00:00Z,2019-09-30T00:00:00Z,America/Anchorage
lter,LTER,arctic,Arctic,VTK_IMP_Main,"VTK IMP Main: Impacted Valley of the Thermokarst, North Slope of Alaska, Anaktuvuk River Fire and Thermokarst Impacted Site",NA,stream_sampling_point,NA,68.961,-150.701,4326,NA,35759,30,2010-06-22T00:00:00Z,2015-07-13T00:00:00Z,America/Anchorage
lter,LTER,arctic,Arctic,VTK_REF_Main,"VTK REF Main: Impacted Valley of the Thermokarst, North Slope of Alaska, Anaktuvuk River Fire and Thermokarst Impacted Site",NA,stream_sampling_point,NA,68.9354,-150.678,4326,NA,35412,31,2010-06-22T00:00:00Z,2015-07-13T00:00:00Z,America/Anchorage
czo,CZO,boulder,Boulder Creek,GGL,Gordon Gulch: Lower,Gordon Gulch,stream_gauge,non-experimental,40.012989,-105.4585063,4326,272.41325444758,193564,30,2008-05-24T00:00:00Z,2020-10-01T00:00:00Z,America/Denver
czo,CZO,boulder,Boulder Creek,GGU,Gordon Gulch: Upper,Gordon Gulch,stream_gauge,non-experimental,40.0174256,-105.4751912,4326,91.3666666146492,161712,30,2008-10-17T00:00:00Z,2020-10-01T00:00:00Z,America/Denver
czo,CZO,boulder,Boulder Creek,BC_SW_6,Sugarloaf,Boulder Creek,stream_sampling_point,NA,40.014639,-105.322861,4326,NA,8586,18,2009-05-15T00:00:00Z,2010-09-29T00:00:00Z,America/Denver
czo,CZO,boulder,Boulder Creek,BC_SW_2,Creek Path,Boulder Creek,stream_sampling_point,NA,40.003806,-105.358397,4326,NA,56351,26,2009-05-15T00:00:00Z,2019-08-22T00:00:00Z,America/Denver
czo,CZO,boulder,Boulder Creek,BC_SW_4,Orodell,Boulder Creek,stream_gauge,non-experimental,40.006425,-105.330453,4326,26397.2665453404,202894,30,1996-01-02T00:00:00Z,2021-07-06T00:00:00Z,America/Denver
czo,CZO,boulder,Boulder Creek,BC_SW_12,Magnolia,Boulder Creek,stream_sampling_point,NA,39.990144,-105.422908,4326,NA,60554,26,2008-05-31T00:00:00Z,2019-12-11T00:00:00Z,America/Denver
czo,CZO,boulder,Boulder Creek,BC_SW_14,Rockyknob,Boulder Creek,stream_sampling_point,NA,39.98245,-105.445781,4326,NA,17545,23,2008-05-31T00:00:00Z,2011-05-11T00:00:00Z,America/Denver
czo,CZO,boulder,Boulder Creek,BC_SW_17,Ridge Road,Boulder Creek,stream_sampling_point,NA,39.972231,-105.466014,4326,NA,14489,18,2008-05-31T00:00:00Z,2010-09-29T00:00:00Z,America/Denver
czo,CZO,boulder,Boulder Creek,BC_SW_18,Barker,Boulder Creek,stream_sampling_point,NA,39.967183,-105.479797,4326,NA,6957,18,2009-05-15T00:00:00Z,2010-06-26T00:00:00Z,America/Denver
czo,CZO,boulder,Boulder Creek,BC_SW_20,Nederland,Boulder Creek,stream_gauge,non-experimental,39.961639,-105.505789,4326,9512.97241923792,184290,28,1996-01-02T00:00:00Z,2021-07-06T00:00:00Z,America/Denver
czo,CZO,boulder,Boulder Creek,BT_SW_0,Betasso,Betasso,stream_sampling_point,NA,40.007136,-105.334322,4326,NA,63708,28,2008-05-24T00:00:00Z,2019-07-25T00:00:00Z,America/Denver
czo,CZO,boulder,Boulder Creek,GGU_SPW1,Gordon Gulch Upper Spring 1,NA,stream_sampling_point,NA,40.019453,-105.476139,4326,NA,63330,28,2008-10-17T00:00:00Z,2020-09-25T00:00:00Z,America/Denver
czo,CZO,boulder,Boulder Creek,GGU_SPW2,Gordon Gulch Upper Spring 2,NA,stream_sampling_point,NA,40.019453,-105.474922,4326,NA,60551,28,2009-03-26T00:00:00Z,2020-09-25T00:00:00Z,America/Denver
czo,CZO,catalina_jemez,Catalina-Jemez,RedondoMeadow,Redondo Meadow,NA,stream_gauge,non-experimental,35.8546,-106.5941,4326,593.261080250809,583639,62,2005-09-27T00:00:00Z,2021-05-12T00:00:00Z,America/Denver
czo,CZO,catalina_jemez,Catalina-Jemez,HistoryGrove,History Grove,NA,stream_gauge,non-experimental,35.8759,-106.5125,4326,75.6108628476042,818849,62,2005-09-27T00:00:00Z,2021-05-12T00:00:00Z,America/Denver
czo,CZO,catalina_jemez,Catalina-Jemez,UpperJaramillo,Upper Jaramillo Creek,Jaramillo Creek,stream_gauge,non-experimental,35.9092,-106.5304,4326,741.450188562766,820848,62,2005-09-27T00:00:00Z,2021-05-12T00:00:00Z,America/Denver
czo,CZO,catalina_jemez,Catalina-Jemez,LowerJaramillo,Lower Jaramillo Creek,Jaramillo Creek,stream_gauge,non-experimental,35.8929,-106.4958,4326,2732.24985312627,698517,62,2005-09-27T00:00:00Z,2021-05-12T00:00:00Z,America/Denver
czo,CZO,catalina_jemez,Catalina-Jemez,UpperLaJara,Upper La Jara Creek,La Jara Creek,stream_gauge,non-experimental,35.87033,-106.527,4326,351.149135173723,582660,62,2006-03-14T00:00:00Z,2021-05-12T00:00:00Z,America/Denver
czo,CZO,catalina_jemez,Catalina-Jemez,LowerLaJara,Lower La Jara Creek,La Jara Creek,stream_gauge,non-experimental,35.8667,-106.5235,4326,373.28415234567,818820,62,2005-09-27T00:00:00Z,2021-05-12T00:00:00Z,America/Denver
czo,CZO,catalina_jemez,Catalina-Jemez,LowerRedondo,Lower Redondo Creek,Redondo Creek,stream_gauge,non-experimental,35.8663,-106.5978,4326,1302.28802127629,535456,62,2005-09-27T00:00:00Z,2021-05-12T00:00:00Z,America/Denver
czo,CZO,catalina_jemez,Catalina-Jemez,MC_ FLUME,Mixed Conifer ZOB,NA,stream_gauge,non-experimental,35.88083,-106.53575,4326,37.1871598794662,349076,60,2007-01-01T00:00:00Z,2021-05-12T00:00:00Z,America/Denver
czo,CZO,catalina_jemez,Catalina-Jemez,MarshallGulch,Marshall Gulch Schist catchment,Marshall Gulch,stream_gauge,non-experimental,32.427351,-110.757857,4326,159.79358126511,377446,61,2006-07-10T00:00:00Z,2021-05-12T00:00:00Z,America/Denver
czo,CZO,catalina_jemez,Catalina-Jemez,Bigelow,Bigelow Zero Order Basin,NA,stream_gauge,non-experimental,32.4152,-110.7243,4326,3.97090664506893,358820,62,2007-01-01T00:00:00Z,2021-05-12T00:00:00Z,America/Denver
czo,CZO,catalina_jemez,Catalina-Jemez,OracleRidge,Oracle Ridge,NA,stream_gauge,non-experimental,32.4494,-110.7399,4326,88.0602738509782,370165,62,2007-01-01T00:00:00Z,2021-05-12T00:00:00Z,America/Denver
czo,CZO,catalina_jemez,Catalina-Jemez,UpperRedondo,Upper Redondo Creek,Redondo Creek,stream_gauge,non-experimental,35.8929,-106.577,4326,422.937647917331,612959,62,2005-09-27T00:00:00Z,2021-05-12T00:00:00Z,America/Denver
czo,CZO,catalina_jemez,Catalina-Jemez,FLUME_MCZOB,MC ZOB Flume,NA,stream_gauge,non-experimental,35.88083,-106.536,4326,37.1871598797235,672095,62,2007-01-01T00:00:00Z,2021-05-12T00:00:00Z,America/Denver
czo,CZO,calhoun,Calhoun,Tyger_River_hwy49,Tyger River at Hwy 49,NA,stream_sampling_point,NA,34.66616,-81.7393,4326,NA,20690,22,2014-08-22T00:00:00Z,2017-07-14T00:00:00Z,US/Eastern
czo,CZO,calhoun,Calhoun,Isaacs_Creek_Bombing_Rang,Isaacs Creek at Bombing Range Rd,NA,stream_sampling_point,NA,34.65018,-81.7376,4326,NA,20651,22,2014-08-22T00:00:00Z,2017-07-14T00:00:00Z,US/Eastern
czo,CZO,calhoun,Calhoun,Enoree_River_Jones_Ford,Enoree River at Jones Ford Rd,NA,stream_sampling_point,NA,34.57408,-81.7884,4326,NA,20751,23,2014-08-22T00:00:00Z,2017-07-14T00:00:00Z,US/Eastern
czo,CZO,calhoun,Calhoun,Johns_Creek,Johns Creek,NA,stream_sampling_point,NA,34.57891,-81.7744,4326,NA,20800,22,2014-08-22T00:00:00Z,2017-07-14T00:00:00Z,US/Eastern
czo,CZO,calhoun,Calhoun,Sparks_Creek,Sparks Creek,NA,stream_sampling_point,NA,34.61245,-81.7222,4326,NA,19884,21,2014-07-18T00:00:00Z,2017-07-14T00:00:00Z,US/Eastern
czo,CZO,calhoun,Calhoun,Sparks_Creek_Seep,Sparks Creek Seep,NA,stream_sampling_point,NA,34.61245,-81.7225,4326,NA,14120,22,2015-04-23T00:00:00Z,2017-04-07T00:00:00Z,US/Eastern
czo,CZO,calhoun,Calhoun,Upper_Padgetts_Creek,Upper Padgett's Creek,NA,stream_sampling_point,NA,34.59463,-81.7161,4326,NA,21051,22,2014-07-18T00:00:00Z,2017-07-14T00:00:00Z,US/Eastern
czo,CZO,calhoun,Calhoun,Padgetts_Creek_Old_Buncombe,Padgett's Creek at Old Buncombe Hwy,NA,stream_sampling_point,NA,34.59049,-81.6907,4326,NA,20780,22,2014-08-22T00:00:00Z,2017-07-14T00:00:00Z,US/Eastern
czo,CZO,calhoun,Calhoun,Padgetts_Creek_Sardis_Rd,Padgett's Creek at Sardis Rd,NA,stream_sampling_point,NA,34.58052,-81.6619,4326,NA,21079,22,2014-07-18T00:00:00Z,2017-07-14T00:00:00Z,US/Eastern
czo,CZO,calhoun,Calhoun,Ref4_Drain,Ref 4 Drain,NA,stream_sampling_point,NA,34.5976,-81.6669,4326,NA,19290,22,2014-07-18T00:00:00Z,2017-06-07T00:00:00Z,US/Eastern
czo,CZO,calhoun,Calhoun,Tyger_River_Sardis_Rd,Tyger River at Sardis Rd,NA,stream_sampling_point,NA,34.61535,-81.6665,4326,NA,21029,22,2014-07-18T00:00:00Z,2017-07-14T00:00:00Z,US/Eastern
czo,CZO,calhoun,Calhoun,Ref4_Below_Bowl,Ref 4 Below Bowl,NA,stream_sampling_point,NA,34.59963,-81.6741,4326,NA,27524,22,2015-01-30T00:00:00Z,2018-12-06T00:00:00Z,US/Eastern
czo,CZO,calhoun,Calhoun,weir_1,Weir 1,NA,stream_sampling_point,NA,34.59971,-81.6838,4326,NA,30045,22,2014-08-22T00:00:00Z,2018-12-06T00:00:00Z,US/Eastern
czo,CZO,calhoun,Calhoun,weir_3,Weir 3,NA,stream_gauge,NA,34.6098,-81.6952,4326,4.73989805916729,31413,23,2014-07-18T00:00:00Z,2018-12-06T00:00:00Z,US/Eastern
czo,CZO,calhoun,Calhoun,weir_4,Weir 4,NA,stream_gauge,NA,34.61222,-81.6943,4326,6.53204726042579,49991,24,2014-07-18T00:00:00Z,2018-12-12T00:00:00Z,US/Eastern
czo,CZO,calhoun,Calhoun,Holcombes_Branch,Holcombe's Branch,NA,stream_sampling_point,NA,34.61308,-81.6966,4326,NA,27321,22,2014-07-18T00:00:00Z,2018-12-12T00:00:00Z,US/Eastern
czo,CZO,calhoun,Calhoun,weir_2,Weir 2,NA,stream_gauge,NA,34.61411,-81.6933,4326,7.31408599206745,21125,23,2014-07-18T00:00:00Z,2017-10-01T00:00:00Z,US/Eastern
lter,LTER,luquillo,Luquillo,Q1,Quebrada uno-Bisley,NA,stream_gauge,non-experimental,18.315717,-65.74538,4326,6.87398372518258,545569,21,1975-01-01T00:00:00Z,2021-06-17T00:00:00Z,Etc/GMT-4
lter,LTER,luquillo,Luquillo,Q2,Quebrada dos-Bisley,NA,stream_gauge,non-experimental,18.314637,-65.74629,4326,6.34778435550733,542777,21,1975-01-01T00:00:00Z,2021-06-17T00:00:00Z,Etc/GMT-4
lter,LTER,luquillo,Luquillo,Q3,Quebrada tres-Bisley,NA,stream_gauge,non-experimental,18.314091,-65.747312,4326,32.7462092697066,546276,21,1975-01-01T00:00:00Z,2021-06-17T00:00:00Z,Etc/GMT-4
lter,LTER,luquillo,Luquillo,QG,Quebrada Guaba,NA,stream_gauge,non-experimental,18.283889,-65.788889,4326,144.597929683885,400382,20,1975-01-01T00:00:00Z,2021-06-17T00:00:00Z,Etc/GMT-4
lter,LTER,luquillo,Luquillo,QS,Quebrada Sonadora,NA,stream_gauge,non-experimental,18.322596,-65.8184,4326,265.586111516204,506013,21,1975-01-01T00:00:00Z,2021-06-17T00:00:00Z,Etc/GMT-4
lter,LTER,luquillo,Luquillo,MG,Rio Mameyes,NA,stream_sampling_point,NA,18.3561,-65.7685,4326,NA,73383,17,1997-09-29T00:00:00Z,2010-02-23T00:00:00Z,Etc/GMT-4
lter,LTER,luquillo,Luquillo,RI,Rio Icacos,NA,stream_gauge,non-experimental,18.275091,-65.785529,4326,337.355165941145,514402,21,1975-01-01T00:00:00Z,2021-07-09T00:00:00Z,Etc/GMT-4
lter,LTER,luquillo,Luquillo,MPR,Puente Roto Mameyes,NA,stream_gauge,non-experimental,18.326951,-65.750292,4326,1790.56214287312,506797,21,1975-01-01T00:00:00Z,2021-07-09T00:00:00Z,Etc/GMT-4
lter,LTER,luquillo,Luquillo,QP,Quebrada Prieta,NA,stream_sampling_point,NA,18.2569,-65.7789,4326,NA,134799,17,1990-01-25T00:00:00Z,2012-12-26T00:00:00Z,Etc/GMT-4
lter,LTER,luquillo,Luquillo,QPA,Quebrada Prieta A,NA,stream_sampling_point,NA,18.2629,-65.7697,4326,NA,53324,17,1989-06-06T00:00:00Z,1999-10-19T00:00:00Z,Etc/GMT-4
lter,LTER,luquillo,Luquillo,QPB,Quebrada Prieta B,NA,stream_sampling_point,NA,18.2642,-65.7697,4326,NA,41482,14,1989-06-06T00:00:00Z,1997-09-16T00:00:00Z,Etc/GMT-4
usfs,USFS,fernow,Fernow,WS-5,WS-5,NA,stream_gauge,experimental,39.0525528696489,-79.6854724847227,4326,35.7503857707642,221313,16,1951-05-10T00:00:00Z,2020-12-31T00:00:00Z,US/Eastern
usfs,USFS,fernow,Fernow,WS-4,WS-4,NA,stream_gauge,non-experimental,39.0539284002756,-79.686952264096,4326,37.7903604547685,241239,16,1951-05-01T00:00:00Z,2020-12-31T00:00:00Z,US/Eastern
usfs,USFS,fernow,Fernow,WS-2,WS-2,NA,stream_gauge,experimental,39.0538800089031,-79.6825845648589,4326,14.8330529831782,221453,16,1951-05-10T00:00:00Z,2020-12-31T00:00:00Z,US/Eastern
usfs,USFS,fernow,Fernow,WS-3,WS-3,NA,stream_gauge,experimental,39.0541986200578,-79.685995835684,4326,33.7612423213705,247253,16,1951-05-01T00:00:00Z,2020-12-31T00:00:00Z,US/Eastern
usfs,USFS,fernow,Fernow,WS-10,WS-10,NA,stream_gauge,non-experimental,39.0542394444556,-79.6802015411856,4326,15.6274824911321,176876,16,1984-01-03T00:00:00Z,2020-12-31T00:00:00Z,US/Eastern
usfs,USFS,fernow,Fernow,WS-1,WS-1,NA,stream_gauge,experimental,39.0601514498466,-79.6710782773528,4326,29.7308981754943,172449,16,1951-05-10T00:00:00Z,2020-12-31T00:00:00Z,US/Eastern
usfs,USFS,fernow,Fernow,WS-13,WS-13,NA,stream_gauge,non-experimental,39.0628613311943,-79.6789735729715,4326,13.7863805804112,172576,16,1984-05-15T00:00:00Z,2020-12-31T00:00:00Z,US/Eastern
usfs,USFS,fernow,Fernow,WS-7,WS-7,NA,stream_gauge,experimental,39.0640144312179,-79.6800685040863,4326,27.3485165803044,238489,16,1956-11-01T00:00:00Z,2020-12-31T00:00:00Z,US/Eastern
usfs,USFS,fernow,Fernow,WS-6,WS-6,NA,stream_gauge,experimental,39.0661498684073,-79.676658597899,4326,21.3243631383801,196469,16,1956-11-01T00:00:00Z,2020-12-31T00:00:00Z,US/Eastern
usfs,USFS,fernow,Fernow,WS-14,WS-14,NA,stream_gauge,experimental,39.0605510367107,-79.6696770538846,4326,131.902217978487,7665,11,2019-01-02T00:00:00Z,2020-12-31T00:00:00Z,US/Eastern
doe,DOE,east_river,East River,PH,Pumphouse,East River,stream_gauge,non-experimental,38.922306418,-106.951130495,4326,8488.09694612562,146208,48,2011-10-01T00:00:00Z,2020-10-01T00:00:00Z,America/Denver
doe,DOE,east_river,East River,EBC,East Below Copper,East River,stream_gauge,non-experimental,38.954166,-106.989556,4326,6986.39485804304,89580,48,2011-10-01T00:00:00Z,2020-10-01T00:00:00Z,America/Denver
doe,DOE,east_river,East River,Copper,Copper Creek,Copper Creek,stream_gauge,non-experimental,38.957139246,-106.988174426,4326,2364.90346316167,100783,49,2011-10-01T00:00:00Z,2020-10-01T00:00:00Z,America/Denver
doe,DOE,east_river,East River,Benthette,Benthette Brook,Benthette Brook,stream_gauge,non-experimental,38.96055013,-106.9927244,4326,17.6727534810595,29892,46,2011-10-01T00:00:00Z,2020-10-01T00:00:00Z,America/Denver
doe,DOE,east_river,East River,Avery,Avery Creek,Avery Creek,stream_gauge,non-experimental,38.97521672,-106.9973282,4326,59.7123959058299,94237,48,2011-10-01T00:00:00Z,2020-10-01T00:00:00Z,America/Denver
doe,DOE,east_river,East River,Marmot,Marmot Creek,Marmot Creek,stream_gauge,non-experimental,38.979313,-106.997681,4326,37.7049560321775,93857,48,2011-10-01T00:00:00Z,2020-10-01T00:00:00Z,America/Denver
doe,DOE,east_river,East River,Gothic,Gothic Creek,Gothic Creek,stream_gauge,non-experimental,38.978452237,-107.004557572,4326,89.5958098918246,89641,48,2011-10-01T00:00:00Z,2020-10-01T00:00:00Z,America/Denver
doe,DOE,east_river,East River,Rock,Rock Creek,Rock Creek,stream_gauge,non-experimental,38.981573517,-107.005869018,4326,356.715750775448,108783,49,2011-10-01T00:00:00Z,2020-10-01T00:00:00Z,America/Denver
doe,DOE,east_river,East River,Bradley,Bradley Creek,Bradley Creek,stream_gauge,non-experimental,38.98540925,-107.0048454,4326,381.983691026269,100558,49,2011-10-01T00:00:00Z,2020-10-01T00:00:00Z,America/Denver
doe,DOE,east_river,East River,Rustlers,Rustlers Creek,Rustlers Creek,stream_gauge,non-experimental,38.989692,-107.007654,4326,1477.25056949446,99873,49,2011-10-01T00:00:00Z,2020-10-01T00:00:00Z,America/Denver
doe,DOE,east_river,East River,EAQ,East River above Quigley,East River,stream_gauge,non-experimental,38.995969355,-107.018487302,4326,524.719019408144,4063,2,2011-10-01T00:00:00Z,2020-10-01T00:00:00Z,America/Denver
doe,DOE,east_river,East River,Quigley,Quigley Creek,Quigley Creek,stream_gauge,non-experimental,38.99343,-107.014,4326,254.822792332608,94195,48,2011-10-01T00:00:00Z,2020-10-01T00:00:00Z,America/Denver
doe,DOE,east_river,East River,WG,Washington Gulch,Washington Gulch,stream_gauge,non-experimental,38.922042,-107.004914,4326,1719.51659143623,3389,2,2011-10-01T00:00:00Z,2020-10-01T00:00:00Z,America/Denver
doe,DOE,east_river,East River,OBJ,NA,Oh-Be-Joyfull Creek,stream_sampling_point,NA,38.910356,-107.032353,4326,2905.95470732935,3289,1,2011-10-01T00:00:00Z,2020-10-01T00:00:00Z,America/Denver
doe,DOE,east_river,East River,billy_barr_spring,NA,NA,stream_sampling_point,NA,38.96360556,-106.9924722,4326,NA,28594,46,2016-10-15T00:00:00Z,2019-02-21T00:00:00Z,America/Denver
doe,DOE,east_river,East River,coal_11,NA,Coal Creek,stream_sampling_point,NA,38.86368333,-107.0336,4326,NA,64358,46,2015-11-29T00:00:00Z,2020-03-17T00:00:00Z,America/Denver
doe,DOE,east_river,East River,east_above_quigley,NA,NA,stream_sampling_point,NA,38.99518558,-107.0145513,4326,NA,78941,47,2014-06-27T00:00:00Z,2020-01-28T00:00:00Z,America/Denver
doe,DOE,east_river,East River,tuttle_spring,NA,NA,stream_sampling_point,NA,38.94548333,-106.9901972,4326,NA,47441,46,2016-10-14T00:00:00Z,2020-01-22T00:00:00Z,America/Denver
usgs,USGS,usgs,USGS,black_earth_creek,"BLACK EARTH CREEK NR BREWERY RD AT CROSS PLAINS,WI",Black Earth Creek,stream_gauge,non-experimental,43.109722,-89.640833,4326,3283.68428140435,22126,13,2009-10-02T00:00:00Z,2021-07-27T00:00:00Z,America/Chicago
usfs,USFS,krew,KREW,P300,Providence Creek P300,Providence Creek,stream_gauge,experimental,37.052,-119.203263,4326,460.82009599118,8690,2,2003-10-10T00:00:00Z,2017-09-30T00:00:00Z,America/Los_Angeles
usfs,USFS,krew,KREW,P301,Providence Creek P301,Providence Creek,stream_gauge,experimental,37.05945,-119.203626,4326,99.1199404379179,68950,14,2003-10-01T00:00:00Z,2017-09-30T00:00:00Z,America/Los_Angeles
usfs,USFS,krew,KREW,P303,Providence Creek P303,Providence Creek,stream_gauge,experimental,37.05404,-119.196253,4326,132.274709822808,68636,14,2003-10-01T00:00:00Z,2017-09-30T00:00:00Z,America/Los_Angeles
usfs,USFS,krew,KREW,P304,Providence Creek P304,Providence Creek,stream_gauge,non-experimental,37.05066,-119.195268,4326,48.7139508479432,68932,14,2003-10-01T00:00:00Z,2017-09-30T00:00:00Z,America/Los_Angeles
usfs,USFS,krew,KREW,D102,Duff Creek D102,Duff Creek,stream_gauge,experimental,37.0377,-119.202923,4326,120.715570119164,69223,14,2003-10-01T00:00:00Z,2017-09-30T00:00:00Z,America/Los_Angeles
usfs,USFS,krew,KREW,B200,Bull Creek B200,Bull Creek,stream_gauge,experimental,36.97719,-119.081964,4326,473.786200993697,8459,2,2003-10-10T00:00:00Z,2017-09-30T00:00:00Z,America/Los_Angeles
usfs,USFS,krew,KREW,B201,Bull Creek B201,Bull Creek,stream_gauge,experimental,36.97813,-119.079194,4326,52.9601410127421,69147,14,2003-10-01T00:00:00Z,2017-09-30T00:00:00Z,America/Los_Angeles
usfs,USFS,krew,KREW,B203,Bull Creek B203,Bull Creek,stream_gauge,experimental,36.97586,-119.073332,4326,138.308606337254,68845,14,2003-10-01T00:00:00Z,2017-09-30T00:00:00Z,America/Los_Angeles
usfs,USFS,krew,KREW,B204,Bull Creek B204,Bull Creek,stream_gauge,experimental,36.9748,-119.073078,4326,166.858380075983,69013,14,2003-10-01T00:00:00Z,2017-09-30T00:00:00Z,America/Los_Angeles
usfs,USFS,krew,KREW,T003,Teakettle Creek T001,Teakettle Creek,stream_gauge,non-experimental,36.95894,-119.026558,4326,227.651891822293,67772,14,2003-10-01T00:00:00Z,2017-09-30T00:00:00Z,America/Los_Angeles
usfs,USFS,suef,SUEF,GSCC01,Coyote Creek Watershed 1 Gauging Station,NA,stream_gauge,experimental,43.0174,-122.716,4326,79.0401532881495,225695,22,1963-10-01T00:00:00Z,2018-10-01T00:00:00Z,America/Los_Angeles
usfs,USFS,suef,SUEF,GSCC02,Coyote Creek Watershed 2 Gauging Station,NA,stream_gauge,experimental,43.01395,-122.717,4326,76.8740998453522,225669,22,1963-10-01T00:00:00Z,2018-10-01T00:00:00Z,America/Los_Angeles
usfs,USFS,suef,SUEF,GSCC03,Coyote Creek Watershed 3 Gauging Station,NA,stream_gauge,experimental,43.01378,-122.712,4326,47.1033613725363,225633,22,1963-12-02T00:00:00Z,2018-10-01T00:00:00Z,America/Los_Angeles
usfs,USFS,suef,SUEF,GSCC04,Coyote Creek Watershed 4 Gauging Station,NA,stream_gauge,NA,43.01379,-122.711,4326,44.2746807354327,225633,22,1963-12-02T00:00:00Z,2018-10-01T00:00:00Z,America/Los_Angeles
usfs,USFS,suef,SUEF,GSFC01,Fox Creek Watershed 1 Gauging Station,NA,stream_sampling_point,NA,45.43363,-122.043,4326,NA,76921,21,1969-10-06T00:00:00Z,1981-11-24T00:00:00Z,America/Los_Angeles
usfs,USFS,suef,SUEF,GSFC02,Fox Creek Watershed 2 Gauging Station,NA,stream_sampling_point,NA,45.43413,-122.043,4326,NA,76921,21,1969-10-06T00:00:00Z,1981-11-24T00:00:00Z,America/Los_Angeles
usfs,USFS,suef,SUEF,GSFC03,Fox Creek Watershed 3 Gauging Station,NA,stream_sampling_point,NA,45.43454,-122.043,4326,NA,76921,21,1969-10-06T00:00:00Z,1981-11-24T00:00:00Z,America/Los_Angeles
usfs,USFS,santee,Santee,WS77,Weir 77,NA,stream_gauge,NA,33.141649,-79.779912,4326,150.83648435153,225132,28,1963-12-13T00:00:00Z,2018-01-01T00:00:00Z,US/Eastern
usfs,USFS,santee,Santee,WS78,Weir 78,Turkey Creek,stream_gauge,NA,33.1311815286249,-79.7840809256234,4326,5244.37377903638,130212,23,1963-12-13T00:00:00Z,2018-01-01T00:00:00Z,US/Eastern
usfs,USFS,santee,Santee,WS79,Weir 79,NA,stream_gauge,NA,33.1412234754962,-79.7908352648646,4326,475.662314369468,148327,27,1963-12-13T00:00:00Z,2018-01-01T00:00:00Z,US/Eastern
usfs,USFS,santee,Santee,WS80,Weir 80,NA,stream_gauge,NA,33.1443029554038,-79.790443356472,4326,159.795123899505,220734,27,1963-12-13T00:00:00Z,2018-01-01T00:00:00Z,US/Eastern
krycklan,Krycklan,krycklan,Krycklan,Site1,Risbcken,NA,stream_gauge,NA,64.2485054693468,19.8080506416433,4326,47.5694721429244,427393,85,1990-08-04T00:00:00Z,2021-04-22T00:00:00Z,Etc/GMT+2
krycklan,Krycklan,krycklan,Krycklan,Site2,Vstrabcken,NA,stream_gauge,NA,64.2514254759827,19.777804398224202,4326,11.7982393005235,897054,89,1987-07-25T00:00:00Z,2021-04-22T00:00:00Z,Etc/GMT+2
krycklan,Krycklan,krycklan,Krycklan,Site4,Kallklsmyren,NA,stream_gauge,NA,64.2594511474447,19.7737483329001,4326,17.6353214792886,881457,87,1986-07-16T00:00:00Z,2021-04-22T00:00:00Z,Etc/GMT+2
krycklan,Krycklan,krycklan,Krycklan,Site5,Stortjrn outlet,NA,stream_gauge,NA,64.2602610826913,19.760338571586,4326,64.8931515175411,422674,84,1990-08-04T00:00:00Z,2021-04-22T00:00:00Z,Etc/GMT+2
krycklan,Krycklan,krycklan,Krycklan,Site6,Stortjrnbcken,NA,stream_gauge,NA,64.2509736643358,19.7731431669639,4326,108.981561140621,412776,83,1990-08-04T00:00:00Z,2021-04-22T00:00:00Z,Etc/GMT+2
krycklan,Krycklan,krycklan,Krycklan,Site7,Kallklsbcken,NA,stream_gauge,NA,64.2513011962503,19.7779000580925,4326,46.3987691083924,1072984,89,1981-01-01T00:00:00Z,2021-04-22T00:00:00Z,Etc/GMT+2
krycklan,Krycklan,krycklan,Krycklan,Site9,Nyngesbcken,NA,stream_gauge,NA,64.2375278452578,19.7915621692725,4326,285.959541731316,432343,83,1990-08-04T00:00:00Z,2021-04-22T00:00:00Z,Etc/GMT+2
krycklan,Krycklan,krycklan,Krycklan,Site10,Stormyrbcken,NA,stream_gauge,NA,64.2569994296571,19.7866430184375,4326,333.195890730624,294250,82,1990-08-04T00:00:00Z,2021-04-22T00:00:00Z,Etc/GMT+2
krycklan,Krycklan,krycklan,Krycklan,Site12,Nymyrbcken,NA,stream_gauge,NA,64.2411874792113,19.8143185691995,4326,539.962963821855,205082,79,1990-08-04T00:00:00Z,2020-10-12T00:00:00Z,Etc/GMT+2
krycklan,Krycklan,krycklan,Krycklan,Site13,Lngbcken,NA,stream_gauge,NA,64.2328569897307,19.7871074196692,4326,408.915582628012,437646,82,1990-08-04T00:00:00Z,2021-04-22T00:00:00Z,Etc/GMT+2
krycklan,Krycklan,krycklan,Krycklan,Site14,hedbcken,NA,stream_gauge,NA,64.2261543208972,19.7707682829758,4326,1400.00964373161,191620,79,1990-08-04T00:00:00Z,2020-10-12T00:00:00Z,Etc/GMT+2
krycklan,Krycklan,krycklan,Krycklan,Site15,vre Krycklan,NA,stream_gauge,NA,64.2485848642973,19.8382111005231,4326,1898.52017140841,197838,79,1990-08-04T00:00:00Z,2020-10-12T00:00:00Z,Etc/GMT+2
krycklan,Krycklan,krycklan,Krycklan,Site16,Krycklan,NA,stream_gauge,NA,64.198508,19.869488,4326,6740.34293136757,483505,85,1990-08-04T00:00:00Z,2021-04-22T00:00:00Z,Etc/GMT+2
czo,CZO,shale_hills,Shale Hills,GRO,Garner Run Outlet,NA,stream_gauge,non-experimental,40.6925,-77.9277,4326,136.561342413334,11354,23,2006-01-01T00:00:00Z,2020-03-01T00:00:00Z,US/Eastern
czo,CZO,shale_hills,Shale Hills,SCAL,"Shaver's Creek, above Lake Perez",NA,stream_gauge,non-experimental,40.673619,-77.902569,4326,1545.70004102989,17057,24,2006-01-01T00:00:00Z,2021-01-06T00:00:00Z,US/Eastern
czo,CZO,shale_hills,Shale Hills,SCBL,"Shaver's Creek, below Lake Perez",NA,stream_sampling_point,NA,40.656772,-77.918722,4326,NA,7110,23,2013-09-13T00:00:00Z,2015-01-23T00:00:00Z,US/Eastern
czo,CZO,shale_hills,Shale Hills,SCO,Shaver's Creek Outlet,NA,stream_gauge,non-experimental,40.610686,-78.006689,4326,12332.5801395378,19755,25,2006-01-01T00:00:00Z,2021-02-16T00:00:00Z,US/Eastern
czo,CZO,shale_hills,Shale Hills,SH_weir,"Shale Hills Critical Zone Observatory Stream, Weir",NA,stream_gauge,non-experimental,40.666664,-77.902778,4326,6.93466961185511,81864,27,2006-01-01T00:00:00Z,2020-03-01T00:00:00Z,US/Eastern
